neo4jrb/neo4j-core, 2012-02-03T10:53:43Z
johanlundberg/neo4j-django-tutorial, 2012-01-11T11:48:09Z
neo4j/neo4j, 2012-11-12T08:46:15Z
HariSekhon/DevOps-Perl-tools, 2012-12-30T23:30:23Z
jaron/railgraph, 2013-04-21T22:45:43Z
yaravind/avleague, 2013-05-21T02:19:35Z
dprentiss/reqs, 2013-05-07T23:04:06Z
graphaware/neo4j-framework, 2013-07-18T11:04:07Z
grails/grails-data-mapping, 2013-09-25T11:27:04Z
trajar/normandra, 2013-08-30T19:53:07Z
FilipeNavas/SistemaOntologia, 2013-09-30T18:29:12Z
joel-costigliola/assertj-neo4j, 2013-10-05T14:20:14Z
datanucleus/datanucleus-neo4j, 2013-12-09T10:31:17Z
coreyauger/Neo4JMembershipProvider, 2013-10-22T05:39:22Z
EHRI/ehri-rest, 2013-10-14T18:00:39Z
codex-digital/cypher-stream, 2014-01-29T23:04:24Z
hectorlf/neo4j-test, 2014-01-12T14:44:35Z
neo4j-examples/neo4j-movies-template, 2014-06-24T17:33:19Z
graphaware/neo4j-timetree, 2014-05-01T18:36:55Z
glesica/Neo4j.jl, 2014-06-12T22:41:28Z
mneedham/neo4j-worldcup, 2014-06-09T06:01:59Z
graphaware/neo4j-resttest, 2014-06-17T21:55:25Z
nadirabid/jraph, 2014-06-28T03:49:02Z
mattes/migrate, 2014-08-09T00:01:16Z
neo4j/neo4j-ogm, 2014-09-19T09:43:23Z
graphaware/neo4j-uuid, 2014-07-24T10:59:34Z
GraphStory/neo4j-ios, 2014-09-10T19:16:55Z
graphaware/neo4j-noderank, 2014-08-04T10:38:51Z
paradite/Graphpedia, 2014-09-29T06:18:54Z
olange/learning-neo4j, 2014-07-11T08:49:17Z
doron2402/socialist, 2014-07-30T18:37:08Z
megadix/social_network_neo4j, 2014-08-28T13:29:12Z
graphaware/neo4j-reco, 2014-10-02T17:41:36Z
liquibase/liquigraph, 2014-10-22T18:59:56Z
jacopofar/wikipedia-category-graph, 2014-12-20T10:00:18Z
dswarm/dswarm-graph-neo4j, 2014-10-13T09:22:54Z
mangrish/java-neo4j-ogm, 2014-12-17T07:13:42Z
coreyauger/agent-smith, 2014-10-28T23:06:37Z
Leward/CubbyHole.GraphGenerator, 2014-12-06T23:46:22Z
Marthym/curriculum-vitae, 2014-12-06T12:27:31Z
Nhogs/popoto, 2015-01-30T21:45:01Z
Yomguithereal/decypher, 2015-02-04T13:03:25Z
graphaware/recommendations-meetup, 2015-02-04T15:34:10Z
MontrealCorpusTools/PolyglotDB, 2015-03-18T21:47:09Z
maxdemarzi/neo_listens, 2015-03-25T04:58:08Z
gvolpe/social-graph-api, 2015-02-26T21:19:34Z
sfrechette/adventureworks-neo4j, 2015-04-01T12:59:11Z
ipostolaki/Comeo, 2015-03-07T16:25:10Z
pawamoy/Omnidia, 2015-01-05T21:18:46Z
carsonicator/spor-project, 2015-03-16T17:27:43Z
graphistry/pygraphistry, 2015-06-02T20:28:42Z
neo4j/neo4j-python-driver, 2015-05-05T13:08:20Z
neo4j/neo4j-java-driver, 2015-04-15T17:08:15Z
neo4j-examples/neo4j-ogm-university, 2015-06-19T07:30:53Z
graphaware/neo4j-importer, 2015-05-28T22:17:33Z
sfrechette/adventureworks-neo4j, 2015-04-01T12:59:11Z
sfrechette/asterix-neo4j, 2015-04-06T18:42:40Z
sfrechette/yul-neo4j, 2015-06-14T23:16:18Z
mcgml/ImportToNeo4j, 2015-06-19T14:01:09Z
neo4j/neo4j-javascript-driver, 2015-07-23T14:46:34Z
cohesivestack/ineo, 2015-07-31T21:01:48Z
legis-graph/legis-graph, 2015-08-24T16:51:48Z
flekschas/owl2neo4j, 2015-07-13T17:31:07Z
veliovgroup/neo4j-fiber, 2015-09-23T02:41:19Z
hspandher/django-test-addons, 2015-07-25T18:18:09Z
dhimmel/integrate, 2015-07-02T23:16:14Z
neo4jrb/neo4j-rake_tasks, 2015-07-09T19:47:23Z
JoergM/neomongo, 2015-09-20T15:16:00Z
HeardLibrary/graphs-without-ontologies, 2015-07-13T15:13:44Z
Caleydo/pathfinder_graph, 2015-07-22T14:51:13Z
gpahal/hgraph, 2015-09-25T17:37:42Z
sfrechette/azureservices-neo4j, 2015-08-05T23:04:42Z
maxdemarzi/neo_travis, 2015-07-05T04:28:22Z
jtdeane/graph-workshop, 2015-07-02T13:30:01Z
tugberkugurlu/f1-graph, 2015-07-27T21:40:09Z
spudmashmedia/graphdb-neo4j, 2015-07-21T13:38:49Z
dlozic/neo4j-movielens, 2015-08-06T19:15:51Z
neo4j/neo4j-browser, 2015-11-11T16:29:14Z
exakat/exakat, 2015-11-04T16:00:34Z
graphaware/neo4j-to-elasticsearch, 2015-10-18T11:43:48Z
cleishm/libneo4j-client, 2015-10-28T20:48:47Z
florinpatrascu/neo4j_sips, 2015-10-12T17:24:07Z
flosse/r2d2-cypher, 2015-10-24T01:42:00Z
kevincoakley/ansible-role-neo4j, 2015-11-19T23:26:18Z
mouse-reeve/grimoire-site, 2015-11-20T01:00:54Z
ftsrg/graph-analyzer, 2015-10-26T14:15:17Z
renanpalmeira/neodjango, 2015-12-24T16:31:26Z
catalint/neodb, 2015-12-23T12:27:49Z
neo-technology/neo4j-etl, 2015-12-14T08:47:07Z
Palmr/Adventurer, 2015-11-08T03:34:14Z
refinery-platform/ontology-imports, 2015-12-15T22:29:06Z
armdev/neo4j_visual, 2015-10-06T16:54:46Z
wcooley/python-gryaml, 2015-11-12T21:25:30Z
boltomli/Neo4j-Flask-Solutions, 2015-11-25T23:36:00Z
donelianc/coursera-big-data, 2015-11-16T00:37:04Z
gongotar/large-graph-pathfinder, 2015-12-24T21:31:52Z
VirtualFlyBrain/VFB_neo4j, 2015-12-14T14:36:36Z
neo4j-contrib/neo4j-apoc-procedures, 2016-02-25T08:33:37Z
neo4j-labs/neosemantics, 2016-03-21T18:14:22Z
graphaware/neo4j-php-ogm, 2016-03-01T17:32:13Z
jhwoodward/neo4j-graphQL, 2016-03-10T09:47:35Z
graphaware/neo4j-expire, 2016-01-07T20:09:47Z
ThomHurks/dblp-to-csv, 2016-02-26T23:27:10Z
dadrus/jpa-unit, 2016-02-24T10:47:32Z
sunil3590/artificial-guy, 2016-02-19T03:10:21Z
neo4j-contrib/neo4j-script-procedures, 2016-02-04T01:50:37Z
Pepeye/graphql-starter, 2016-02-05T16:27:08Z
ruby-analysis/delfos, 2016-02-26T16:57:30Z
larusba/neo4j-couchbase-connector, 2016-01-27T11:18:05Z
ftsrg/codemodel-rifle, 2016-01-20T18:35:50Z
michaelmoussa/talks, 2016-01-29T15:20:01Z
MarneeDear/presentations, 2016-02-01T03:42:47Z
pedrohserrano/graph-analytics-nederlands, 2016-03-12T03:59:52Z
fredriko/gavagai-lexicon-graph, 2016-03-27T22:13:52Z
marclambrichs/puppet-neo4j, 2016-02-02T17:27:33Z
matco/simcity, 2016-01-18T15:06:10Z
dentinger/LeagueManager, 2016-04-01T20:57:01Z
maxdemarzi/pagerank_spi, 2016-02-09T17:12:55Z
bhavanajain/graph-visualisation-with-sigma.js, 2016-02-13T05:25:39Z
refinery-platform/neo4j-ontology, 2016-02-03T22:48:42Z
thobalose/neo4j-neomodel, 2016-01-19T17:01:12Z
MarceloAlves/Star-Wars-Neo4j, 2016-03-17T05:19:13Z
cpollet/itinerants, 2016-02-15T21:20:35Z
HeardLibrary/graph-ivr, 2016-03-25T20:11:08Z
mehta-a/BigDataAnalysisInPython, 2016-03-14T11:29:23Z
neo4j-contrib/neovis.js, 2016-04-06T17:56:25Z
chrismaddalena/ODIN, 2016-05-26T17:24:26Z
graphaware/neo4j-nlp, 2016-04-21T23:00:16Z
neueda/jetbrains-plugin-graph-database-support, 2016-06-23T18:15:30Z
graphaware/graph-aided-search, 2016-04-05T10:12:43Z
hetio/hetionet, 2016-04-12T19:20:28Z
merqurio/neo4jupyter, 2016-04-15T11:05:41Z
SteelBridgeLabs/neo4j-gremlin-bolt, 2016-06-20T16:56:55Z
US-CBP/GTAS, 2016-06-29T19:03:39Z
neo4j-examples/movies-java-bolt, 2016-04-14T06:06:53Z
OSMIHelp/osmi-survey-graph, 2016-04-15T21:48:03Z
huitparfait/huitparfait-2016, 2016-05-13T13:10:58Z
jaron/sciencegraph, 2016-04-25T14:17:41Z
grails/gorm-neo4j, 2016-06-10T08:27:56Z
jhwoodward/visual-knowledge, 2016-04-18T11:52:11Z
fforbeck/vacuum, 2016-05-22T22:09:31Z
graphaware/graphaware-starter, 2016-04-07T18:31:02Z
h4mu/GraphVisualization, 2016-06-10T16:44:57Z
jmercouris/networkt, 2016-04-22T15:44:15Z
dilkhush/rails-neo4j-example, 2016-04-08T18:10:09Z
dentinger/LeagueManager, 2016-04-01T20:57:01Z
jmprathab/IBTS-Conductor-Server-Scripts, 2016-04-17T10:16:46Z
danielkocsis/neo4j-sample-portlet, 2016-06-03T07:16:29Z
mcgml/BoltImport, 2016-06-15T07:21:25Z
enggei/nextgen, 2016-06-16T15:01:46Z
graphaware/neo4j-tests-integration, 2016-04-08T23:23:25Z
Sherafgan/SVSE, 2016-06-17T16:37:37Z
COMBAT-TB/neo4j-galaxy-ie, 2016-05-18T10:56:09Z
sebastianhaeni/studgraph, 2016-05-25T19:26:00Z
dhimmel/het.io-rep-guides, 2016-06-16T14:03:13Z
mcgml/VariantDatabaseNeo4jExtension, 2016-06-10T14:45:07Z
NORDUnet/python-norduniclient, 2016-06-22T14:56:46Z
dulcehc/CodeTest, 2016-05-16T15:37:32Z
adamatti/LearnNeo4j, 2016-05-20T21:38:11Z
eisman/neo4jd3, 2016-09-11T12:43:04Z
helicalinsight/helicalinsight, 2016-09-12T10:31:22Z
florinpatrascu/bolt_sips, 2016-08-27T15:27:26Z
neo4j-examples/movies-python-bolt, 2016-09-14T14:56:44Z
straumat/blockchain2graph, 2016-08-24T20:18:04Z
neo4j-examples/movies-javascript-bolt, 2016-09-14T14:53:52Z
neo4j-contrib/neo4j-tableau, 2016-07-08T17:49:40Z
mschae/boltex, 2016-07-15T14:53:50Z
phenopolis/pheno4j, 2016-09-16T16:11:13Z
neo4-js/neo4-js, 2016-08-31T16:22:05Z
DLR-SC/prov-db-connector, 2016-09-19T12:34:34Z
ElasticT3am/ast-generator, 2016-08-30T00:37:35Z
greenelab/hetontology, 2016-07-25T22:52:12Z
MrSaints/docker-gremlin-neo4j, 2016-09-04T23:41:37Z
dsevilla/bdge, 2016-09-05T09:25:33Z
andy-richardson/token-auth-service, 2016-08-02T18:10:27Z
headsrooms/scrape-your-music, 2016-07-26T22:48:54Z
daten-und-bass/fliXnet, 2016-07-12T07:49:29Z
assister-ai/parse-neo4j, 2016-09-07T07:50:21Z
AO-StreetArt/AOSharedServiceLibrary, 2016-07-09T23:50:00Z
JoeThielen/ThePlatformFramework, 2016-08-03T17:25:28Z
COMBAT-TB/combattbmodel, 2016-07-26T07:21:05Z
thobalose/soneo, 2016-07-16T11:37:22Z
bbrinkus/neo4j-health-check-plugin, 2016-09-29T13:04:54Z
maxdemarzi/wrong_address, 2016-09-28T04:31:41Z
epiviz/metaviz-data-provider, 2016-07-26T19:34:27Z
Enter-36-chambers-of-wu-tang-fam/Ilera-health, 2016-09-21T06:03:49Z
infothrill/docker-neo4j-shell-tools, 2016-07-20T08:37:35Z
thobalose/gas, 2016-09-08T13:46:33Z
debalin/social-analytics, 2016-09-24T19:08:10Z
dbroeglin/ossdb, 2016-07-11T20:46:49Z
rvalue/docker-clusters, 2016-07-11T05:31:09Z
bbrinkus/neo4j-eureka-plugin, 2016-08-19T12:28:48Z
marclambrichs/neo4j-demo, 2016-08-25T15:53:04Z
hmiguim/neo4j-adventureworksdw, 2016-08-29T13:16:37Z
petarivanov9/JobFlix, 2016-09-18T16:46:57Z
scastlara/PlanNET, 2016-09-05T09:25:08Z
neo4j-graphql/neo4j-graphql, 2016-10-24T06:18:25Z
neo4j-php/neo4j-symfony, 2016-12-07T10:46:08Z
larusba/doc2graph, 2016-12-13T10:04:05Z
yrong/koa-neo4j, 2016-12-12T11:28:50Z
Drapegnik/social-graph, 2016-12-27T15:49:49Z
larusba/openxc-vehicle-simulator, 2016-12-22T13:57:25Z
Lugrin/bookmark-graph, 2017-01-01T16:10:51Z
mdeket/spring-cloud-movie-recommendation, 2016-11-29T13:02:38Z
SermoDigital/neograph, 2016-12-01T00:19:31Z
turiphro/NoSQLlab, 2016-12-17T21:08:37Z
awesome-inc/neo4j-decorator, 2016-11-28T10:42:37Z
graph-labs/neo4j-training-tdd, 2016-11-19T19:41:16Z
mimol91/neo4j-demo, 2016-11-06T12:53:03Z
peferron/7dbs-in-7wks, 2016-11-02T08:12:27Z
sguduguntla/Mini-Neo4J-Social-Media-App, 2016-10-17T04:23:57Z
Mur3ph/nosql-sql-cache, 2016-10-12T14:28:16Z
sarmbruster/neo4j-async-action, 2016-12-21T10:11:51Z
anirbanroydas/opruut, 2016-12-06T17:36:23Z
maxdemarzi/k2tree, 2016-12-22T03:04:41Z
boltomli/find-the-pony, 2016-10-05T13:52:41Z
yrong/koa-neo4j-starter-kit, 2016-12-12T11:37:34Z
getschomp/commute-calculator-api, 2016-12-11T22:32:28Z
AlbertSuarez/neo4j-cbde, 2016-11-21T14:01:17Z
maxdemarzi/neo_catalog, 2016-10-26T19:45:57Z
ocrawford555/cyp2sql, 2016-10-04T16:00:33Z
ch-ricardor/Neo4j, 2016-10-05T16:09:02Z
lelea2/CMPE295, 2016-10-05T12:56:56Z
yh1008/graphQL, 2016-12-18T21:47:29Z
rccursach/VizTransparencia, 2016-11-25T04:17:39Z
zdebra/ds2_ne4j, 2016-12-10T12:52:06Z
mmulji/movielens, 2016-10-04T19:25:35Z
pedroviniv/prosecontras, 2016-12-01T20:51:20Z
kcosman/migration, 2016-10-25T00:08:23Z
sjbarlas/Advanced-Databases, 2016-10-26T14:38:42Z
neo-technology-field/recon, 2016-11-01T13:13:27Z
neo4j-contrib/neo4j-graph-algorithms, 2017-02-17T11:41:12Z
chaokunyang/microservices-event-sourcing, 2017-03-09T10:13:00Z
h-omer/neo4j-versioner-core, 2017-03-14T18:20:42Z
jexp/spoon-neo4j, 2017-02-13T00:37:33Z
neo4j-contrib/trumpworld-graph, 2017-02-07T22:12:05Z
jillesvangurp/spring-depend, 2017-02-08T10:01:57Z
romaintha/twitter, 2017-02-07T18:02:35Z
xjtushilei/ComplexNetwork, 2017-01-08T09:13:58Z
Miguel000/GraFScaN, 2017-02-19T19:52:41Z
erictsangx/kotlin-neo4j, 2017-01-23T09:48:21Z
cjen07/social_network, 2017-01-02T08:53:43Z
tjb/neo4j-mysql-spring-boot, 2017-01-31T23:20:56Z
cjus/node-neo4j-presentation, 2017-02-01T23:08:42Z
madcore-ai/cli, 2017-01-04T16:48:26Z
Lugrin/bookmark-graph, 2017-01-01T16:10:51Z
inonit/django-chemtrails, 2017-01-31T22:11:51Z
maxdemarzi/power_grid, 2017-01-06T04:23:21Z
sebinsua/graphviz-config-template, 2017-02-27T22:56:58Z
aeakdogan/BulbulProject, 2017-02-08T14:42:27Z
MarneeDear/Neo4jTypeProvider, 2017-02-07T06:43:51Z
veliovgroup/neo4j-demo, 2017-01-23T20:38:01Z
graphaware/neo4j-php-ogm-tutorial, 2017-03-26T21:48:58Z
dbsmasters/bdsmasters, 2017-03-25T21:38:50Z
thomasheckmann/zxinfo-services, 2017-01-04T20:33:12Z
pedromsmoreira/neo4j-poc, 2017-01-28T15:17:23Z
anniekang/MyColleagues, 2017-01-09T22:47:24Z
vasantivmahajan/Profile-based-recommendation-system-for-Airbnb-users---Big-Data-and-Machine-Learning-project-, 2017-03-02T06:21:33Z
maxdemarzi/distinct_network, 2017-02-06T06:38:31Z
AdamSpannbauer/syntax_net_stuff, 2017-02-18T22:22:47Z
bram-l/neo-maggoo, 2017-03-09T16:14:48Z
i-am-tom/neopreen, 2017-02-21T16:06:43Z
maxdemarzi/cypher_hip_hop, 2017-01-25T16:23:17Z
lsocrate/loopback-connector-neo4j-bolt, 2017-03-05T18:38:15Z
ALSAREM/dmozNeo4j, 2017-03-18T22:13:03Z
AlfredDobradi/twitch-graph, 2017-03-10T15:31:57Z
DotNet4Neo4j/TestingWithNeo4j, 2017-03-22T15:01:39Z
shenzhanwang/Spring-neo4j, 2017-02-08T09:14:33Z
jroliveira/scooby-api, 2017-01-10T13:21:30Z
knoldus/neo4j-scala-akkahttp.g8, 2017-02-22T05:20:34Z
spike-force-1-bacon-evaluators/bacon, 2017-01-23T13:16:41Z
zyq001/ipc-nice-nlp, 2017-02-24T04:16:43Z
extwiii/BigData-UC.San.Diego, 2017-01-17T13:22:44Z
ikwattro/neo4j-ogm-symfony-security, 2017-03-30T20:55:00Z
maxdemarzi/property-level-permissions, 2017-01-16T15:16:42Z
Nilct/Neo4jPythonVega, 2017-03-15T20:34:26Z
ahmedfouzan/pitcher, 2017-02-03T18:54:51Z
srbaird/PolicyComponentsForNeo4J, 2017-02-21T16:10:33Z
polaroidz/natmed_kba, 2017-03-18T13:17:03Z
Tofull/social_graph, 2017-02-22T12:52:59Z
chakshuahuja/crunchgraph, 2017-02-25T00:27:22Z
mokujin4life/WalkieTalkie, 2017-03-13T02:59:48Z
MouradHRM/project-nodejs-neo4j, 2017-02-23T13:26:39Z
grails-guides/neo4j-movies, 2017-03-09T11:16:20Z
SimonGoring/EC_Network, 2017-01-20T19:00:18Z
heanuea/Timetabling-System-represented-in-Neo4j-, 2017-02-27T15:22:17Z
ndp190/cypher-builder, 2017-02-09T16:58:00Z
saideep-g/twitter-relationship-using-neo4j, 2017-02-26T06:42:58Z
ksemer/HistoricalTraversalNeo4j, 2017-03-27T20:21:33Z
ElasticOrange/Zenyatta, 2017-02-20T17:13:55Z
ianburkeixiv/GraphTheoryProject, 2017-02-27T14:49:05Z
polaroidz/natmed_project, 2017-02-23T23:02:36Z
MartinRep/Graph-Theory-Timetable, 2017-02-24T19:38:26Z
rest-tools/graphos_api, 2017-03-14T21:51:25Z
venantvr/Neo4j.Poc, 2017-03-12T16:27:06Z
MarneeDear/GraphIVR, 2017-01-23T01:27:07Z
vuurball/levelupdev, 2017-03-15T11:46:14Z
binary-monkey/prog3_proyecto_server, 2017-02-17T22:27:52Z
neo-technology-field/recon-admin, 2017-02-08T12:25:37Z
venantvr/Introspection.Lite, 2017-03-05T10:46:25Z
NucleoTeam/MySQL2Neo4J, 2017-01-10T18:28:34Z
w326004741/Graph-Theory-Project, 2017-02-28T13:19:16Z
OlegNyr/egrul, 2017-01-29T16:03:11Z
irfanalidv/Neo4j_ISEP_Proj, 2017-01-08T22:16:41Z
SebastianOsuna/neo4j-qb, 2017-02-09T15:31:22Z
SANBI-SA-archive/tree2neo, 2017-02-10T09:14:44Z
franxyzxyz/sonders, 2017-01-21T08:05:30Z
szarnyasg/neo4j-drivers, 2017-01-31T17:28:24Z
krishnagopinath/cse535-quarere, 2017-01-15T01:01:22Z
ensozos/Twitter-Data-Mining, 2017-03-02T20:25:58Z
maxdemarzi/customshort, 2017-01-03T21:07:45Z
bme-db-lab/opencypher-tck-tests, 2017-01-09T10:58:44Z
venantvr/Neo4j.Tools.Write, 2017-03-07T21:28:06Z
PascalKleindienst/seminar-gmark-neo4j-source, 2017-01-26T12:52:04Z
painless-local-development/nodejs-dojo-kake-4-layer-node-app, 2017-03-05T14:51:36Z
utilitywarehouse/cyphertool, 2017-03-22T14:06:50Z
AnkitVashist11/StackRouteWorkspace, 2017-01-04T15:38:33Z
lezoudali/stylishly-graph, 2017-02-05T22:38:08Z
hemanthsagarb/wikidump-setup, 2017-01-31T03:55:10Z
Decalogue/chat, 2017-04-20T01:42:01Z
adam-cowley/neode, 2017-06-29T15:01:01Z
THIBER-ORG/userline, 2017-04-17T22:37:07Z
mostafa/grest, 2017-04-18T16:54:15Z
Hyperparticle/graph-nlu, 2017-04-02T18:51:47Z
gorillalabs/neo4j-clj, 2017-04-12T12:24:58Z
LucianoPAlmeida/OGMNeo, 2017-04-13T02:47:59Z
shispt/discover-books, 2017-06-19T17:21:56Z
jbitton/neo4j-graph-renderer, 2017-06-19T20:25:34Z
kbogas/medknow, 2017-06-09T15:40:01Z
aio-libs/aioneo4j, 2017-04-10T08:26:16Z
neo4j-contrib/neo4j-faker, 2017-05-31T13:50:00Z
fancellu/neo4j-d3v4, 2017-04-02T14:15:09Z
workingDog/StixToNeoDB, 2017-06-11T08:17:19Z
nitish6174/video-search-engine, 2017-04-15T17:41:26Z
pedrohserrano/anomaly-detection-health-insurance, 2017-04-07T02:33:17Z
wgwz/flask-py2neo, 2017-05-18T14:41:01Z
wgwz/flask-neo4j-demo, 2017-05-18T19:48:34Z
DanielPollithy/GIAnT, 2017-04-13T09:37:39Z
tum-gis/citygml-change-detection, 2017-06-18T16:54:46Z
msstate-dasi/csb, 2017-04-05T19:38:55Z
alessandroiori/community-detection-lastfm, 2017-06-05T17:13:40Z
DumondaMe/DumondaMe, 2017-06-25T10:28:13Z
technige/n4, 2017-05-26T14:50:44Z
transition-connect/transition-connect-server, 2017-06-26T11:28:40Z
krhancoc/technology-radar, 2017-06-29T19:32:19Z
intermine/neo4j, 2017-05-17T14:11:25Z
HamiTrip/R2G, 2017-05-29T12:42:46Z
diegomrodz/chinese_exp, 2017-04-04T23:25:58Z
aamanlamba/graphvisjs, 2017-05-28T02:30:07Z
alexis-/Capec2Neo4j, 2017-06-11T02:09:49Z
mdeket/jhipster-neo4j, 2017-06-25T20:11:29Z
diging/cidoc-crm-neo4j, 2017-04-20T16:27:39Z
mfalcier/neo4j-kotlin-procedure-example, 2017-06-22T13:55:23Z
ardaasln/ethplayground, 2017-05-04T21:00:45Z
alexis-/Capec-Visualization, 2017-06-11T16:09:06Z
mfalcier/laravel-neo4j-php-ogm-example, 2017-04-03T15:10:14Z
leeguoo/neo4j_online_recommender, 2017-06-21T15:55:00Z
mfalcier/forest-api, 2017-04-21T09:40:47Z
barnardos-au/Neo4jManager, 2017-06-10T01:12:41Z
Financial-Times/concepts-rw-neo4j, 2017-04-05T14:28:33Z
sundhaug92/vifi, 2017-05-01T04:29:41Z
alexirimiea/GrApp, 2017-05-12T07:07:29Z
fizquierdo/Docker-Sinatra-Neo4j-example, 2017-04-22T19:49:37Z
sarangkarpate/neo4jdeeplearning, 2017-05-04T22:11:49Z
arjuntherajeev/neo4j_starter_lesson, 2017-05-09T08:01:43Z
ATLA-OpenSource/scholar-graph, 2017-06-10T19:26:13Z
ramilsafnab1996/recommendation-engine, 2017-06-09T10:46:07Z
xenomorph1096/gnowdb, 2017-04-29T12:27:51Z
tether/neo4j-stream, 2017-06-16T16:29:55Z
fizquierdo/graphan-docker, 2017-05-12T10:57:33Z
alexis-/Xml2Cypher, 2017-06-11T00:04:31Z
carloLV/KnowledgeGraph, 2017-06-21T10:35:49Z
kapoor-rakshit/py2neo, 2017-06-09T06:15:10Z
kassemshehady/holyquran, 2017-05-14T12:27:49Z
obahareth/twitter-relations-grapher, 2017-06-07T21:51:53Z
EnglishSid/NLPDev, 2017-06-20T10:03:39Z
majensen/cypher-abstract, 2017-05-05T12:51:31Z
EdlinOrg/neo4jplayground, 2017-04-24T11:14:59Z
fblamanna/neo4j-mobility-airports, 2017-04-19T08:06:53Z
pastorsj/pandora-clone, 2017-04-16T22:49:01Z
FreshLeaf8865/rails-neo4j, 2017-05-16T19:40:46Z
jvicentem/mongodb-neo4j-assignment, 2017-04-23T00:13:05Z
luczsoma/bsc-thesis, 2017-04-13T11:18:46Z
abhinavprince/video-search-engine, 2017-04-16T12:59:33Z
akarsh/TUPJNOSQL17, 2017-06-01T15:20:16Z
DuncanZhou/twitter-flask, 2017-05-22T14:00:05Z
sim51/NOQM, 2017-06-13T15:36:50Z
armdev/neo4j-microservice, 2017-05-06T20:48:35Z
nikibor/MobileServer, 2017-05-13T19:14:10Z
AbelardoMoreno/BD-NoSQL-Proyecto-2, 2017-06-15T03:54:35Z
jainpranj/github-neo4j, 2017-04-23T03:06:46Z
akarsh/test-for-moneo, 2017-07-01T22:23:37Z
mumez/bolt.x, 2017-07-01T15:43:30Z
Seikho/neo-classify, 2017-06-05T10:52:53Z
akshaymalik7/Neo4j-Nodejs, 2017-05-10T07:58:16Z
natansevero/ecommerce-service-nodejs, 2017-04-04T02:01:18Z
taraokelly/Graph-Theory-Assignment, 2017-04-21T02:24:05Z
ryancollingwood/excel_to_neo4j, 2017-05-23T10:37:17Z
Verdagio/GraphTheory-2017-Project, 2017-04-04T11:18:55Z
claruspeter/Neo4j.Operators, 2017-05-24T22:52:10Z
GyanBlog/Graph-Database-Neo4j-handson, 2017-06-14T08:00:55Z
Vzzarr/GeoreferencialVisualization-FraudulentBehaviours, 2017-06-27T10:07:01Z
rubentrancoso/restgraph, 2017-04-09T21:00:33Z
vmj/neo4j-serve, 2017-05-12T07:56:18Z
mariodmtrv/semantic-movie-search, 2017-06-11T16:26:48Z
damienj252/Graph-Theory, 2017-04-13T17:06:43Z
JayaKrishna-CoxAutomotive/Project_Cornerstone, 2017-06-10T18:11:27Z
Deafjams-defunct/Music, 2017-06-29T21:42:13Z
trajar/normandra-neo4j, 2017-05-29T08:44:51Z
lynochka/Neo4j-Hackaton, 2017-05-15T21:36:51Z
lbovet/dagdep, 2017-07-01T08:47:41Z
Hi-Story-ruc429/Six-Degree, 2017-06-22T11:05:30Z
mattx7/HAW_WP_NoSQL-bigdata, 2017-04-07T11:26:38Z
AJNOURI/FlaskNeo4j, 2017-06-02T11:34:26Z
jiatistuta/subgraph-isomorphism-neo4j, 2017-05-03T18:52:43Z
autohack/neoyoutube, 2017-05-08T06:40:03Z
fredshonorio/neu, 2017-05-18T19:54:53Z
hackolade/plugins, 2017-05-07T08:54:20Z
trident2710/SocialSecurity, 2017-06-09T14:41:41Z
bryan-lott/level-15, 2017-05-22T19:05:34Z
attachmentgenie/vagrant-database, 2017-06-16T20:14:31Z
leoiii12/neo4j-network-text-analysis, 2017-04-17T04:57:15Z
Mwanafunzi/Neo4j-Python, 2017-05-05T15:16:22Z
neo4j-contrib/neo4j-etl, 2017-08-30T15:02:46Z
GuitarmonYz/AutoKnowledge, 2017-07-06T08:14:05Z
JPCERTCC/impfuzzy, 2017-09-06T03:11:23Z
neo4j-contrib/neo4j-ml-procedures, 2017-07-19T23:31:58Z
fabiomercorio/GraphDBLP, 2017-09-30T15:00:41Z
CharlBest/nean-stack-starter, 2017-09-23T08:34:41Z
StabbyMcDuck/elixir_ravelry, 2017-07-05T21:25:43Z
sardinois/eth_graph, 2017-09-21T13:36:38Z
suprfanz/flask-fb-neo4j-d3, 2017-08-21T03:41:36Z
Spantree/instacart-neo4j, 2017-07-20T16:23:38Z
datatheque/datatheque.com, 2017-09-01T23:00:30Z
syedhassaanahmed/neo-to-cosmos, 2017-09-16T18:02:34Z
ashwini0529/ffcs-using-graphs, 2017-08-14T14:25:11Z
lszeremeta/neo4j-sparql-extension-yars, 2017-07-11T01:05:39Z
paulpdaniels/play-sangria-starter, 2017-07-14T05:12:54Z
graphaware/node-neo4j-bolt-adapter, 2017-07-11T03:27:54Z
braineering/crimegraph, 2017-07-25T19:18:38Z
h-omer/neo4j-versioner-sql, 2017-08-09T06:06:22Z
micahstubbs/neo4j-json-demo, 2017-07-28T04:06:03Z
DeepPhe/DeepPhe-Viz, 2017-07-06T13:05:54Z
tuddman/clj-neo4j-procedures, 2017-09-29T17:53:03Z
liquigraph/trinity, 2017-07-02T14:42:08Z
quentinplessis/smalltalk-neo4j, 2017-08-28T15:35:09Z
emehrkay/neoasynchttpy, 2017-09-30T13:56:26Z
orientechnologies/orientdb-neo4j-importer-plugin, 2017-07-19T10:56:00Z
Confman/Netstat-Dependency, 2017-09-22T11:50:57Z
Harpuia/Neo4j-pagerank, 2017-08-27T23:07:03Z
erayon/Resume-Mining-Machine-Learning-Neo4j, 2017-08-31T18:15:01Z
corwur/gfftoneo4j, 2017-09-21T11:49:22Z
leninworld/GBAD2Neo4J, 2017-08-07T02:45:52Z
HamiTrip/json2neo, 2017-09-03T15:05:00Z
AlexeyKalina/recipes-telegram-bot, 2017-09-04T19:51:48Z
giapnguyen74/nextql-neo4j, 2017-08-11T07:30:52Z
COMBAT-TB/tb2neo, 2017-07-27T10:12:42Z
marcusmchale/breedcafs, 2017-08-02T11:10:31Z
paulpdaniels/connect-neo4j-store, 2017-07-12T04:04:17Z
sivansasidharan/POCs, 2017-09-18T11:36:12Z
dsevilla/jisbd17-nosql, 2017-07-12T17:46:03Z
mandelbrotmesh/steem-graph, 2017-09-16T21:46:53Z
Senmumu/usual_script_template, 2017-08-24T07:52:05Z
COMBAT-TB/combat-tb-neodb, 2017-09-12T10:38:47Z
akarsh/test-for-moneo, 2017-07-01T22:23:37Z
mumez/bolt.x, 2017-07-01T15:43:30Z
GabrielCzar/DSPersistencia, 2017-09-05T18:52:10Z
matejbasic/MDAR, 2017-09-28T14:48:48Z
matejbasic/recommenders-playground, 2017-09-27T17:26:25Z
fblamanna/OpenDataCultura2017, 2017-08-09T07:02:15Z
vijaysanjosalexander/Watson-NLU-JSON-to-Neo4j, 2017-08-18T11:40:15Z
Mahmoud-Elbattah/Ontology_GraphDB, 2017-09-16T17:13:10Z
rahulkant/neotube, 2017-10-01T19:02:53Z
SonawaneMayur/Advanced_DBMS-Big_Data-, 2017-09-29T14:02:38Z
amanraj209/jobscreed, 2017-08-07T17:34:55Z
tonivanhala/vilma, 2017-09-27T05:50:55Z
lbovet/dagdep, 2017-07-01T08:47:41Z
xp-forge/neo4j, 2017-09-30T12:15:42Z
nmervaillie/SdnClusterSample, 2017-09-29T00:42:36Z
adriens/neo4j-cuisine-nicoise, 2017-09-12T05:06:35Z
davidfg08/Proyecto_II_NoSQL, 2017-07-04T22:49:38Z
braineering/crimegraph-simulator, 2017-07-28T15:56:28Z
efischer19/meliae_scripts, 2017-07-26T19:33:53Z
adriagalin/ansible.neo4j, 2017-08-07T14:57:59Z
neo4j-graphql/neo4j-graphql-js, 2017-10-02T19:51:20Z
Playtika/testcontainers-spring-boot, 2017-10-22T19:17:46Z
grand-stack/grand-stack-starter, 2017-10-23T10:05:32Z
Human-Connection/Human-Connection, 2017-11-30T09:12:41Z
kbastani/event-sourcing-microservices-example, 2017-10-26T18:53:28Z
adam-cowley/vue-neo4j, 2017-12-04T18:15:30Z
neo4j-drivers/seabolt, 2017-11-28T16:48:52Z
sylhare/family-tree, 2017-12-01T14:42:20Z
ostelco/ostelco-core, 2017-12-01T10:51:32Z
jgaskins/neo4j.cr, 2017-10-26T15:07:06Z
corwur/cytoscapeneo4j, 2017-10-21T11:42:26Z
Octavian-ai/experiments, 2017-12-08T04:41:42Z
davebshow/asyncbolt, 2017-12-07T05:54:55Z
workingDog/cyberstationFX, 2017-11-05T07:47:56Z
michelcaradec/Paradise-Papers, 2017-12-16T16:40:50Z
graphium-project/graphium-neo4j, 2017-10-06T11:58:15Z
syedhassaanahmed/neo4j-datasets, 2017-10-14T18:45:47Z
lszeremeta/SDFEater, 2017-11-07T18:54:08Z
valb3r/ClassAnalyzer, 2017-11-01T11:29:19Z
d0pare/AspNetCore.Identity.Neo4j, 2017-10-11T16:26:14Z
meistermeier/sdn-paradise, 2017-11-28T22:48:30Z
atomotic/anpi-facebook-neo4j, 2017-11-17T13:25:56Z
xlfe/cowrie2neo, 2017-10-14T13:30:09Z
ATF19/flight-management-system-java, 2017-10-08T12:17:13Z
vonunwerth/Seacucumber, 2017-10-18T08:45:48Z
jhisse/empresas_e_socios_neo4j, 2017-12-21T21:23:58Z
vishalbedi/neo4j.cpi, 2017-11-30T21:54:52Z
hgupta/svg-text-wrap, 2017-11-17T08:45:58Z
workingDog/stixtoneolib, 2017-12-14T00:53:20Z
scbunn/Flask-Neo4jDriver, 2017-10-28T02:50:08Z
jicahoo/neo4j-demo-java, 2017-11-22T08:50:16Z
michelcaradec/Party-Expenses, 2017-12-31T10:38:40Z
erdiolmezogullari/de-crawler-as-a-service, 2017-12-04T15:04:32Z
lucasjovencio/neo4j-blog, 2017-10-22T20:34:46Z
dentinger/clojure-neo4j-example, 2017-10-17T23:59:47Z
wadael/neoloadcsvskelgen, 2017-12-28T02:03:04Z
go1com/neo4j_builder, 2017-11-21T08:26:32Z
neo-technology/morpheus, 2017-10-13T11:14:16Z
ordepdev/LES1718-finder, 2017-10-11T09:44:55Z
wkentaur/graph-err, 2017-12-28T14:21:25Z
tether/neo4j-seed, 2017-10-13T17:48:30Z
markieo1/node-slack-clone-backend, 2017-12-04T10:03:43Z
arjuntherajeev/neo4j_issuu_data_analysis, 2017-12-17T11:11:20Z
trkin/premesti.se, 2017-12-07T14:47:41Z
venkaDaria/java-spring-neo4j-demo, 2017-11-21T10:57:25Z
PlusOneGeneration/neo4j-simple-crud, 2017-12-01T16:43:16Z
skhokhlov/neo4j-lego, 2017-10-14T12:15:24Z
rikkt0r/neo4j-alchemy-clusters, 2017-11-20T01:54:39Z
etheleon/omics-neo4j-container, 2017-11-23T16:50:46Z
emanoelvianna/experimento-neo4j, 2017-11-02T03:25:41Z
gaelblanchard/Employee-Data-Project, 2017-12-04T20:28:54Z
geld0r/docker-neo4j-yourkit, 2017-11-01T13:51:38Z
Vrael/kafka-neo4j-spider-web, 2017-10-26T08:33:50Z
exitthebox/neo4j-sdn-custom, 2017-11-10T23:23:08Z
workingDog/stixloader, 2017-12-22T07:26:13Z
soroushj/neo4j-snn-plugin, 2017-11-12T22:50:59Z
mwoss/neo4j-lab-task, 2017-12-15T17:09:40Z
madanaman/neo4j, 2018-01-01T08:13:42Z
rafaelcastrorc/SocialStats, 2017-12-30T05:22:29Z
antonioalfa22/Neo4J_WebApp, 2017-10-24T12:34:44Z
COMBAT-TB/explorer, 2017-10-18T11:40:06Z
PedroKuntz/neo4JNetwork, 2017-10-05T19:00:50Z
VolodymyrBalamut/Neo4j, 2017-11-24T17:39:24Z
ecomplus/graphs-api-docs, 2017-12-28T12:20:34Z
petrenko-alex/ar-nav-map-builder, 2017-12-21T14:29:54Z
rahulkant/neotube, 2017-10-01T19:02:53Z
tianyuningmou/neo4j, 2017-12-25T09:57:24Z
marko-mih/vocabulme, 2017-10-28T12:44:55Z
tmsbn/Connect-Us, 2017-11-24T12:35:52Z
4x0l0tl/augury, 2017-11-28T20:59:24Z
aksh2106/Customer-Behavior-Analysis, 2017-12-23T16:33:51Z
eux90/DP2, 2017-12-18T13:09:53Z
throughput-ec/throughputdbr, 2017-11-22T05:24:54Z
iarlenaquiles/Crud-Neo4j, 2017-11-29T17:03:07Z
joelhandwell/hello-neo4j, 2017-12-03T06:38:21Z
jaona/openflights-neo4j, 2017-10-02T21:48:43Z
dee-me-tree-or-love/wordeu-api, 2017-10-29T12:14:46Z
italopessoa/neo4j, 2017-11-07T02:21:23Z
tarunthota3/Zynla, 2017-10-03T13:18:23Z
easimonenko/research-work, 2017-10-05T19:55:35Z
golang-migrate/migrate, 2018-01-19T09:30:58Z
grapheco/InteractiveGraph, 2018-02-10T08:43:07Z
lixiang0/WEB_KG, 2018-01-15T07:53:21Z
neo4j/neo4j-go-driver, 2018-03-07T18:15:06Z
jexp/neo4j-3d-force-graph, 2018-03-29T20:05:49Z
neo4j-contrib/neo4j-streams, 2018-03-19T02:35:57Z
grapheco/InteractiveGraph-neo4j, 2018-02-10T08:43:53Z
michelcaradec/Graph-Theory, 2018-01-13T13:09:21Z
mihairaulea/atlas, 2018-03-06T09:41:57Z
micwan88/d3js-neo4j-example, 2018-03-27T02:56:55Z
michelcaradec/Graph-OLAP, 2018-03-17T11:24:17Z
OurVoiceUSA/HelloVoter, 2018-01-13T03:59:14Z
docteurklein/xhprof-analyze, 2018-01-06T22:47:42Z
IgorRozani/Public-Transport-SP-Graph-Database, 2018-03-24T17:04:38Z
bitnami/bitnami-docker-neo4j, 2018-03-06T10:08:40Z
amirharati/neo4j_protobot, 2018-03-31T23:48:48Z
Oussama-Abderrahim/spuf-314, 2018-01-03T13:49:51Z
JonnyBurger/feature.fyi, 2018-03-24T22:21:47Z
microic/hello_search, 2018-03-23T06:35:26Z
GraphRM/graphql-graphdb, 2018-03-08T21:59:27Z
moxious/neo4j-serverless-functions, 2018-02-07T22:24:03Z
kevinkhanda/bubba-db, 2018-03-30T19:12:41Z
jakewins/boltalyzer, 2018-01-03T09:20:44Z
skyscrapers/terraform-neo4j, 2018-01-23T15:07:50Z
pegerto/kafka-connect-neo4j, 2018-02-14T23:20:09Z
vistaran/dynamic-graphql-from-neo4j, 2018-03-04T15:06:25Z
Badiapp/bolt-routing-driver, 2018-03-29T15:33:48Z
jexp/boltsh, 2018-04-01T22:36:09Z
bindstone/collector-poc, 2018-01-22T17:58:54Z
SvenWesterlaken/mongo4j, 2018-03-21T12:18:48Z
francescomambrini/gAGDT, 2018-01-30T15:07:45Z
flavienbwk/Neo4j-Example-Spotifylike, 2018-03-15T15:02:21Z
marcelmaatkamp/steemit-data-analysis-platform, 2018-01-04T09:21:32Z
GraphRM/workshop-neo4j-docker, 2018-01-22T13:12:23Z
ammarasmro/personalized-knowledge-graphs, 2018-02-08T06:57:38Z
kdwykleingeld/ngac, 2018-02-21T21:12:23Z
aicfr/neo4j-openbeerdb, 2018-03-02T14:07:18Z
suyash248/recommender_system, 2018-01-05T09:12:46Z
TIAGOOOLIVEIRA/ECG-CVD-anomaly-detection, 2018-03-17T23:34:47Z
pawamoy/neopy, 2018-03-16T13:16:08Z
sergiopaniego/TwitterGraphAnalyzer, 2018-03-04T19:41:33Z
unterstein/reddcoin-graph, 2018-01-16T20:13:29Z
grnair89/GraphQL, 2018-01-03T19:14:33Z
bredele/cypher-async, 2018-03-07T23:51:02Z
joewhite86/frogr, 2018-01-24T14:46:34Z
efagerberg/neomodel-serializer, 2018-03-18T16:25:29Z
chucheria/neo4j-graphs, 2018-02-13T20:12:23Z
luisarojas/student-matching, 2018-01-16T17:18:35Z
adam-cowley/neobeans, 2018-02-13T15:13:35Z
moxious/json2neo, 2018-03-15T15:54:13Z
omerl13/neo4s, 2018-02-12T19:51:46Z
tessmonical/cypherize, 2018-01-25T16:36:13Z
tertiarycourses/Neo4jTraining, 2018-02-22T17:21:29Z
Seddryck/NBi.Neo4j, 2018-01-16T20:57:28Z
michelcaradec/Neo4j-Introduction, 2018-03-09T20:52:55Z
TIAGOOOLIVEIRA/Neo4j-Modeling-Training-Berlin, 2018-03-08T17:53:57Z
vivek777patel/SocialTraveler, 2018-02-07T21:35:18Z
cam39porter/tangle, 2018-01-14T18:51:06Z
matt-usurp/neo-cypher, 2018-01-24T11:53:36Z
scastlara/RPGeNet, 2018-03-09T10:22:20Z
asfandyar-malik/hamburg-gtfs-neo4j, 2018-01-25T11:23:04Z
raghavraman/20YearsofVideoGames, 2018-04-01T03:18:05Z
Support-Manager/neo4j-connection, 2018-01-29T20:40:46Z
bredele/cypher-through, 2018-03-08T01:23:28Z
knonm/tebd-nosql, 2018-03-23T00:09:42Z
COMBAT-TB/tbvcfreport, 2018-03-05T10:22:48Z
cmr-exchange/cmr-graph, 2018-03-05T15:27:03Z
italopessoa/Neo4j.Map.Extension, 2018-03-07T02:03:05Z
secf00tprint/neo4jc, 2018-02-25T14:29:56Z
Cosaquee/booker-books-and-friends, 2018-03-04T22:00:26Z
grv1207/Graph-KB, 2018-03-19T15:53:13Z
DataMinersNS/miningRepo, 2018-03-11T13:04:35Z
bovinemagnet/neo4j-log-import-examples, 2018-02-22T22:31:02Z
Pudding124/Taoyuan_ParkingInfoToNeo4j, 2018-01-10T15:17:13Z
aamanlamba/JungApp, 2018-03-10T20:44:33Z
meamuri/clustering, 2018-03-08T17:23:59Z
builtbydamian/neo4j-cli, 2018-02-26T22:38:05Z
sidmishraw/Broodmother, 2018-02-12T18:52:32Z
madanaman/neo4j, 2018-01-01T08:13:42Z
gaving/zorya, 2018-03-13T09:02:06Z
FlavioHenriique/Projeto2_BD2, 2018-04-01T16:39:00Z
carissableker/ecocyc-notebook, 2018-02-02T23:37:04Z
selvathiruarul/process_neo4j_ingest, 2018-02-20T06:23:34Z
aicfr/graphql-neo4j-openbeerdb, 2018-03-02T15:30:43Z
kubarzeplinski/twitteranalyser2, 2018-02-14T11:49:23Z
calinconstantinov/neo4j-demo, 2018-02-16T11:28:09Z
OpenCurrent/neo4j-monitoring-agent, 2018-02-21T22:08:49Z
yshhuang/neo4j-guide, 2018-02-27T06:10:57Z
aleianne/DP2Assignment3, 2018-02-06T14:01:40Z
TGHead/Projects_NoSQL, 2018-02-06T13:28:37Z
k5trismegistus/tornado-mongo-neo4j-sample, 2018-03-28T15:59:19Z
aleianne/DP2Assignment2, 2018-02-06T11:37:45Z
zhusleep/neo4j-learning, 2018-02-28T06:09:05Z
akashshah59/banking-fraud-detector, 2018-02-01T07:12:04Z
crzyzenn/Restro, 2018-02-06T17:54:01Z
luxinglin/flexible-cmdb, 2018-01-08T09:49:00Z
gaurav-gogia/go-neo4j-example, 2018-03-11T21:04:11Z
adityabansal123/giscle_intern, 2018-03-01T15:49:46Z
hareeshreddi/Databases-Lab-Assignments, 2018-02-02T19:09:24Z
SCUTJcfeng/ZhihuNeo4jConsole, 2018-02-08T02:32:52Z
Marciniec/Graph-Database, 2018-02-12T12:23:12Z
wkentaur/graph-err-api, 2018-02-17T07:46:39Z
Yeaseen/neo4j_Database_project, 2018-01-31T08:29:38Z
zazrivec/neo4j-dcos, 2018-01-10T21:10:29Z
AbhinavA1990/capture, 2018-02-05T22:26:27Z
xavieroliva/kmg, 2018-01-27T20:34:41Z
Guanngxu/economic_audit_knowledge_graph, 2018-06-03T15:03:44Z
neo4j-graph-analytics/networkx-neo4j, 2018-04-03T02:34:13Z
elementsinteractive/flask-graphql-neo4j, 2018-05-24T05:52:11Z
neo4j-graph-analytics/ml-models, 2018-04-27T02:35:47Z
softvis-research/jqa-dashboard, 2018-06-06T14:14:16Z
Octavian-ai/article-1, 2018-04-05T09:17:11Z
aaronlelevier/neo4j-github-followers, 2018-04-25T15:31:03Z
webmaxru/angular-neo4j, 2018-05-01T15:51:01Z
barnardos-au/Neo4jMapper, 2018-05-30T00:15:11Z
gsssrao/english2cypher, 2018-06-09T14:00:23Z
aplbrain/dotmotif, 2018-04-24T17:51:51Z
cemremengu/egg-neo4j, 2018-06-10T12:32:07Z
jexp/boltsh, 2018-04-01T22:36:09Z
HastingsYoung/neo4j-schema, 2018-06-18T15:00:45Z
ghstahl/IdentityServer4-Asp.Net-2.1-Identity-Examples, 2018-06-09T15:03:52Z
fediazgon/mayoclinic-scrapper, 2018-05-25T20:53:24Z
anshulahuja98/linkedin_neo4j, 2018-06-09T18:40:27Z
hiejulia/flight-booking, 2018-04-26T20:48:04Z
senorbacon/mortality, 2018-05-30T15:26:57Z
yWorks/yfiles-neo4j-basic-demo, 2018-05-24T13:40:49Z
ionut-botizan/vscode-cypher-ql, 2018-05-22T18:38:39Z
windler/apollon, 2018-04-02T11:53:58Z
WuYunVanilla/AdvancedWebPJ, 2018-05-23T09:07:41Z
AviAvni/GraphDatabaseDemo, 2018-05-10T16:24:54Z
cubonetwork/serverless-graphql-rest-api, 2018-04-18T19:24:56Z
antonioaltamura/routing_to_research, 2018-07-01T15:46:53Z
adam-cowley/neo4j-bigquery, 2018-06-27T08:53:43Z
33eyes/wiki-clickstream-graph, 2018-04-17T03:23:41Z
michaeldgraham/neo4j-graphql-binding, 2018-04-15T02:45:07Z
wsenh/money-server, 2018-04-21T02:44:02Z
coryellenberger/objective-dash, 2018-06-21T05:35:43Z
hackolade/neo4j, 2018-06-19T21:26:43Z
Tanemahuta/neo4j-gremlin-bolt, 2018-05-29T12:46:53Z
wxynihao/database-note, 2018-05-13T15:15:04Z
Octavian-ai/article-1-extended, 2018-04-23T18:16:47Z
aamanlamba/jung-neo4j, 2018-04-05T20:25:17Z
davidsketchdeck/clevr-graph, 2018-06-22T14:12:34Z
mkraft/mattergraph, 2018-06-22T21:17:11Z
erayon/Early-epidemic-detection-using-MachineLearnig, 2018-04-13T07:05:06Z
dougajmcdonald/mercury, 2018-05-14T15:40:37Z
marcomicera/nfv-manager, 2018-05-21T10:18:06Z
priteshgudge/neo4j-python-examples, 2018-06-30T21:25:11Z
lamdav/library-cli, 2018-05-11T16:57:21Z
SamMACode/springboot, 2018-04-11T02:25:18Z
raghavraman/20YearsofVideoGames, 2018-04-01T03:18:05Z
goshaQ/lime, 2018-04-09T15:52:14Z
nwpc-oper/npdp, 2018-06-13T05:36:16Z
softvis-research/jqa-javasrc-plugin, 2018-04-26T15:00:52Z
AlessandroVaccarino/Ted4j, 2018-04-05T09:07:54Z
saurabhsharma721/CloudGraphDBPractice, 2018-04-04T17:03:51Z
ROOT005/springboot-neo4j-demo, 2018-05-17T06:56:40Z
haavala/airport-route-api, 2018-06-28T20:32:52Z
gtwright/grand-opusaffair, 2018-06-07T02:29:01Z
luidne/ifto.telematica.geracaodehorarios, 2018-04-28T02:00:36Z
concept-inversion/neo4j-hello-world, 2018-06-17T14:13:15Z
kdekooter/passwordless-neo4jstore, 2018-04-09T18:05:19Z
p-mayank/Neo4J, 2018-04-19T09:04:07Z
sangamkotalwar/A-star-in-graph-database, 2018-05-16T11:08:22Z
FlavioHenriique/Projeto2_BD2, 2018-04-01T16:39:00Z
dbhattacharyya-codenation/jcnu18, 2018-05-19T14:10:45Z
bbernovici/anime-recommender, 2018-05-21T14:29:11Z
Roboy/roboy_ontology, 2018-04-11T17:24:42Z
miquitru/coursera-big-data-specialization, 2018-06-21T03:05:44Z
DavidCoughlan8519/NoSQL-Assignment-2, 2018-06-14T11:50:44Z
lixiepeng/event-concept-graph, 2018-05-03T01:12:53Z
ag2307/Databases-Lab-CS-345, 2018-04-26T17:18:10Z
Buckbeak/SLM, 2018-04-27T06:45:01Z
zzw95/Schedule, 2018-05-14T14:18:08Z
sebdeveloper6952/hdt10, 2018-05-11T17:25:27Z
dbhattacharyya-codenation/autofix-experiments, 2018-05-23T14:19:24Z
OnlyXYL/mySpringBoot, 2018-05-08T10:29:35Z
bytefish/LearningNeo4jAtScale, 2018-04-29T10:09:24Z
MrKarrter/BBDD_Neo4J, 2018-06-08T17:37:53Z
dimzak/neo4j-slicer, 2018-05-19T10:47:07Z
cheran-senthil/Video-Search-Engine, 2018-06-07T18:35:51Z
timotheeaupetit/bands-api, 2018-04-16T14:44:17Z
bytefish/Neo4JSample, 2018-04-28T07:11:27Z
chenpan1996/movie, 2018-05-07T14:42:08Z
sebdeveloper6952/datos_proyecto_2, 2018-05-02T18:03:44Z
draganavucic/Library-Management-System, 2018-05-18T20:46:14Z
chengxii/neo4j-java-demo, 2018-04-19T06:21:41Z
rkrajukhunt/SpringBootWithNeo4jCrudOperations, 2018-06-13T12:26:01Z
varchashva/LetsMapYourNetwork, 2018-08-20T07:48:30Z
daddycocoaman/BeaconGraph, 2018-09-26T21:20:49Z
neo4j-graphql/neo4j-graphql-java, 2018-09-02T15:04:40Z
neo4j-devtools/awesome-graph-apps, 2018-09-24T11:24:36Z
zgd716/chatbot, 2018-07-18T07:51:19Z
michael-simons/neo4j-examples-and-tips, 2018-07-17T18:48:44Z
michael-simons/bootiful-music, 2018-08-02T23:31:46Z
dxc-technology/dxc-digitalexplorer, 2018-09-03T08:30:42Z
TheHive-Project/ScalliGraph, 2018-09-02T11:15:29Z
crazyyanchao/ongdb-lab-apoc, 2018-09-21T12:42:31Z
adam-cowley/neode-querybuilder, 2018-07-26T10:15:02Z
getsocial-rnd/neo4j-aws-ha-cluster, 2018-08-30T13:47:57Z
jackdbd/react-neovis-example, 2018-08-18T09:52:09Z
neo4j-devtools/neo4j-bloom, 2018-08-24T10:10:29Z
phanorcoll/docker-go-neo4j, 2018-07-12T23:47:08Z
softvis-research/BeLL, 2018-08-09T10:17:32Z
JonArnfred/Spring-Boot-REST, 2018-08-18T13:42:19Z
zhenyulin/serverless-graphql-neo4j, 2018-08-15T16:50:59Z
meistermeier/neo4j-ogm-label-extension, 2018-09-21T10:16:38Z
MNoorFawi/neo4j-and-postgresql-with-R, 2018-07-22T23:41:25Z
godot-gazetteer/godot-website, 2018-08-02T11:53:49Z
keeperlink/btc-blockchain-scanner, 2018-09-20T02:55:45Z
softvis-research/jqa-kieker-plugin, 2018-07-16T08:51:33Z
antonioaltamura/routing_to_research, 2018-07-01T15:46:53Z
softvis-research/jqa-plsql-plugin, 2018-07-16T08:57:33Z
DLR-SC/RiQue, 2018-08-15T13:48:09Z
sarvanideekshitula/ChEMBL, 2018-09-17T12:16:52Z
fkei/simple-gremlin-server, 2018-08-15T08:19:59Z
cheran-senthil/eTube, 2018-07-19T04:52:31Z
martyheil/neo4jPokemonGO, 2018-07-24T19:08:23Z
starkdg/mvptree-graphdb, 2018-07-17T02:17:17Z
ggeop/neo4j-chessgame, 2018-08-02T18:32:23Z
robmoore-i/LanguageLearning, 2018-09-30T19:45:32Z
Krupa-S/Graph-Analytics, 2018-07-28T08:19:02Z
iddan/cypher_query_builder, 2018-09-07T19:36:22Z
SarveshP/Drug_Repurposing, 2018-07-17T16:14:41Z
wScottSh/family-history-app, 2018-07-13T21:14:19Z
wupinlang/react-network-graph, 2018-07-15T08:53:43Z
volo-ai/emacs-neo4j, 2018-09-03T15:44:56Z
softvis-research/jqa-githubissues-plugin, 2018-08-30T09:27:57Z
Rspawar/Scholarly-Network-Analysis, 2018-09-14T11:42:03Z
scissorsy/KGVisio, 2018-07-24T08:43:58Z
concept-inversion/home-credit-default-kaggle, 2018-08-16T10:25:12Z
flavien-perier/neo4j-twitter-convertor, 2018-09-19T17:01:57Z
JadeGuisiano/Deep-learning-on-Graphs, 2018-09-26T15:56:28Z
didierfranc/graflite, 2018-08-09T18:00:40Z
ivangfr/springboot-caching-neo4j, 2018-08-26T15:43:18Z
tenkaleakshay/Shiny, 2018-08-02T15:25:00Z
fadine/findpaths, 2018-09-12T06:03:35Z
andreacanepa/Neo4j-Cypher-Queries, 2018-07-25T17:17:02Z
crestonbunch/wiki-data, 2018-09-13T01:21:52Z
kevincoakley/ansible-role-neo4j-graph-algorithms, 2018-09-19T20:06:40Z
dlemel8/repo_explorer, 2018-09-03T18:36:12Z
gagangupta111/springboot-neo4j-pratilipi, 2018-07-14T13:21:54Z
fred87lim/sampleGraphApp, 2018-08-16T16:15:11Z
AShar97/DBMS, 2018-09-23T19:31:25Z
CarlosGomes98/Neo4j-i2s, 2018-07-09T13:29:22Z
yusrasyed/grand-stack-starter, 2018-08-25T20:12:08Z
akngw/eight-queens, 2018-07-16T22:11:58Z
BiGCAT-UM/cyNeo4J_DSMN, 2018-09-06T12:44:28Z
darkblackside/KafkaNeo4JConnector, 2018-07-12T13:51:50Z
arajajyothibabu/neo4j-scala-example, 2018-09-19T05:49:20Z
satyapavan/family-babai, 2018-07-24T05:09:46Z
sean-huni/sciroc-docker-stack, 2018-09-24T10:40:17Z
adriens/information-schema-from-apoc, 2018-08-22T22:00:56Z
jakewins/neobench, 2018-09-01T23:19:40Z
snowyukischnee/Document-sharing-social-network, 2018-07-09T14:10:41Z
dengpenn/Movie-Grpah-Neo4j, 2018-09-30T22:05:32Z
Spring-Framework-Java-Apps/javabase, 2018-07-15T07:29:28Z
steenhansen/sffaudio-search-docker-compose, 2018-07-14T02:13:23Z
softvis-research/jqa-php-plugin, 2018-07-16T08:55:23Z
OuiSouss/panamapapers, 2018-09-16T15:22:24Z
stakater-lab/movies-service, 2018-09-26T07:36:54Z
lemonhu/stock-knowledge-graph, 2018-10-14T12:16:14Z
onblog/Doctor, 2018-12-06T08:25:47Z
amrkhaledccd/my-moments, 2018-11-30T10:09:19Z
neotypes/neotypes, 2018-11-11T19:33:08Z
BurkusCat/r6-operator-counters, 2018-12-23T01:09:48Z
xsb/lngraph, 2018-10-04T18:51:39Z
robertrouse/theographic-web, 2018-11-19T16:32:15Z
MNoorFawi/recommendation-engine-with-neo4j, 2018-10-13T18:05:41Z
identitymonk/ConferenceTweetMapper, 2018-10-17T04:39:51Z
upspring/neo4j_model.cr, 2018-10-27T01:00:41Z
dbarton-uk/christmas-market, 2018-12-18T11:24:22Z
glesica/pkgraph, 2018-11-25T06:31:24Z
IgorRozani/pokemon-graph, 2018-10-09T17:20:06Z
Tazeg/dbtweets, 2018-12-08T21:04:00Z
hellolijj/neo4j_front, 2018-12-01T06:31:06Z
RENCI-NRIG/notary-service, 2018-10-12T16:55:30Z
IgorRozani/bulbapedia-scraper, 2018-10-09T17:38:32Z
Norconex/committer-neo4j, 2018-11-22T22:03:06Z
IncioMan/WikipediaCategoriesGraph, 2018-12-11T12:49:26Z
VasylVaskivskyi/pmc_related_articles, 2018-12-14T15:39:26Z
luhuiwang/nosql, 2018-11-29T02:43:58Z
thoopalliamar/Juggler, 2018-10-03T17:37:48Z
SuLab/Krusty, 2018-11-14T00:03:17Z
jan-golda/AGH-Databases, 2018-10-30T17:01:02Z
ZqtCtios/GraduationProject, 2018-12-24T08:37:50Z
Fylipp/crawlmap, 2018-11-15T17:47:32Z
fferegrino/mybib, 2018-12-10T20:55:57Z
soroushj/neo4j-cosine-similarity-plugin, 2018-12-13T14:09:53Z
soroushj/neo4j-proximity-score-plugin, 2018-12-13T14:45:44Z
twotwo/spring-boot-warmup, 2018-11-30T02:42:35Z
ryderdamen/neo4j-backup-to-gcs, 2018-12-04T16:53:19Z
softvis-research/jqa-typechef-plugin, 2018-10-05T14:59:19Z
mnandig/master-data-management, 2018-10-27T18:06:17Z
ArshadAQ/Social-Network-Analysis, 2018-12-02T12:16:47Z
VaibhavKankane/GameOfThrones, 2018-11-16T18:30:19Z
gungunfebrianza/Mastering-NoSQL, 2018-11-03T11:57:12Z
adrymyry/bdge, 2018-11-04T17:23:23Z
syllabix/neox, 2018-12-05T16:21:26Z
alves-luis/bd-waterpark_with_a_pretty_name, 2018-10-15T19:58:17Z
Rechousa/DeliveryService, 2018-11-06T00:50:45Z
syllabix/neo4j-example, 2018-11-27T09:03:07Z
HenShalom/neo4j-table-to-graph, 2018-10-11T18:50:28Z
ResearchKernel/backend, 2018-11-23T15:05:48Z
Return0Software/fwf-server, 2018-12-09T09:39:45Z
thobalose/neo4j-openstack-deploy, 2018-11-09T09:36:21Z
gdelpuente/sentimentTwitter, 2018-12-24T11:09:42Z
NitzanSelwyn/SocialNetworkApp-Server, 2018-12-31T07:28:16Z
dynastymasra/cookbook, 2018-11-09T09:02:34Z
factorysh/docker-neo4j, 2018-11-30T10:28:53Z
shrutiwadnerkar/golang-neo4j-spatial-experiments, 2018-12-22T11:26:52Z
concept-inversion/Knowledge_graph, 2018-10-12T02:59:20Z
jessicalemos/100calorias, 2018-11-15T19:51:24Z
wsenh/ts-gql-node, 2018-12-21T00:20:07Z
DMeechan/ViLO-GRAND, 2018-11-12T12:27:34Z
elizabethli1998/Databases, 2018-10-09T01:04:11Z
adamtysonsmith/elixir_neo4j_graphql, 2018-10-02T15:08:19Z
Melvin95/Social-Graph-Processing, 2018-11-07T00:17:46Z
paulscott56/artistry, 2018-12-20T11:47:04Z
petrenko-alex/ar-nav, 2018-11-10T13:09:06Z
iaboaix/NetworkGraph, 2019-01-20T11:41:36Z
dstlry/dstlr, 2019-02-22T21:51:56Z
erikrahm/grand-stack-seed, 2019-03-28T20:12:32Z
neo4j-devtools/neuler, 2019-01-17T10:03:06Z
SlackMap/slackmap, 2019-01-10T11:05:30Z
NullConvergence/GraphRepo, 2019-02-16T09:02:08Z
textkernel/neo4j-connector, 2019-01-22T13:24:34Z
blockchain-etl/bitcoin-etl-airflow-neo4j, 2019-03-04T08:57:34Z
moxious/graph-workload, 2019-02-13T19:16:40Z
graphaware/neo4j-triggers, 2019-01-29T22:33:40Z
jroliveira/hawk-api, 2019-02-05T11:26:19Z
chucheria/2019_SatRdaysParis, 2019-02-23T07:19:23Z
architecture-topography/topo, 2019-01-17T23:26:07Z
sysgears/akka-spark-pipeline, 2019-03-20T08:59:53Z
trompamusic/ce-api, 2019-03-28T11:03:57Z
loehnertz/Steinmetz, 2019-02-08T14:23:19Z
highlightjs/highlightjs-cypher, 2019-02-17T10:30:17Z
bookmarks-tools/bookmarks2db, 2019-01-12T19:41:49Z
msahamed/text_network_analysis, 2019-01-13T16:29:14Z
jbelmont/nosql-workshop, 2019-01-31T13:50:50Z
aratz-lasa/webGraph, 2019-02-16T21:58:14Z
Quander/typescript-grandstack, 2019-03-28T12:18:25Z
noetix/serverless-node-api-dynamodb-neo4j, 2019-02-26T10:49:21Z
softvis-research/jqa-javascript-plugin, 2019-03-07T11:45:33Z
capstone-paths/app, 2019-03-09T18:13:20Z
dhritimannath/neo4j-funnel-analysis, 2019-02-17T15:38:08Z
oracle-quickstart/oci-neo4j, 2019-01-25T18:16:24Z
TaoranJ/patentsview_in_neo4j, 2019-02-28T18:25:06Z
ramyk/cuddly-pharmaseek-bi, 2019-01-17T15:49:46Z
DBertazioli/NeoMeetup, 2019-01-30T23:37:34Z
FitMango/tamarind, 2019-03-26T00:19:40Z
bboure/joi4j, 2019-02-28T15:22:05Z
wsenh/tgql-example, 2019-01-04T06:41:38Z
Shekhar-rv/datawarehouse-project-repo, 2019-03-12T12:53:31Z
calinconstantinov/neo4jworkshop, 2019-01-24T18:48:30Z
AsmaZgo/distribution_and_scripts, 2019-03-01T16:19:01Z
iboldurev/docker-container-boilerplate, 2019-02-23T07:00:49Z
denkhaus/nksh, 2019-02-06T20:38:25Z
omarghader/multidb, 2019-03-14T12:27:20Z
bluecloudy/bolt_ecto, 2019-02-02T11:48:01Z
pkasela/Sound-of-Data, 2019-03-13T16:49:27Z
kevinmichaelchen/neo4j-go-file-system, 2019-01-16T21:48:26Z
mileshenrichs/goosebumps-graph-theory, 2019-01-08T02:45:07Z
ziqingW/Data-Analysis-for-Game-Catch-the-Flamingo, 2019-02-11T21:28:03Z
PulkitMathur/Databases, 2019-01-28T01:07:42Z
easimonenko/curriculum-modeling, 2019-01-24T19:48:57Z
davisokoth/youcode, 2019-03-19T12:23:44Z
nuncan/RelationshipSpringNeo4jGraphDatabaseExample, 2019-03-16T01:53:55Z
dainst/neo4j-docker, 2019-01-09T14:44:22Z
Stradivario/gapi-starter-neo4j, 2019-02-21T01:28:18Z
gmkumar2005/jiratoneo4j, 2019-03-27T07:46:35Z
simon987/music-graph-ui, 2019-03-17T23:51:13Z
MarcusDoubleYou/neo4j-meetup-twitter, 2019-02-19T16:42:33Z
tserkov/golt, 2019-02-15T00:50:52Z
NikolaRusakov/doto, 2019-01-06T18:48:05Z
frysztak/niebieskie-tramwaje-backend, 2019-03-28T15:15:29Z
neildobson-au/AutoInc, 2019-03-18T10:06:19Z
lflxp/graph-blog, 2019-02-21T16:42:03Z
nunenuh/graph.database, 2019-02-13T18:45:37Z
serjoK95/Social-Client-Web-Application, 2019-02-15T16:45:51Z
palmurugan/usermanagement, 2019-02-28T12:15:35Z
goshaQ/ridiculous-scraper, 2019-02-12T07:45:41Z
glarivie/neo4j-schema-explorer, 2019-03-18T10:19:59Z
rvsandeep/git-monitor, 2019-01-18T18:09:25Z
rxdi/neo4j, 2019-03-27T02:08:31Z
potitoaghilar/graphyii, 2019-02-12T21:59:32Z
ScottTrollBringer/bookreator, 2019-01-09T12:22:37Z
NullConvergence/Neo4dash, 2019-03-08T16:41:51Z
jvani/nyt-comments, 2019-01-31T01:48:43Z
RainAlexandra/BigDataCW1, 2019-02-07T16:40:39Z
orgito/tf-neo4j, 2019-01-28T12:46:54Z
hardikvasa/database-journal, 2019-06-02T07:36:43Z
manishkkatoch/scala-cypher-dsl, 2019-05-03T18:28:55Z
RuiTan/BusinessIntelligence, 2019-06-06T08:20:23Z
neo4j/neo4j-java-driver-spring-boot-starter, 2019-06-04T12:32:55Z
Wabri/LearningNeo4j, 2019-04-08T07:26:47Z
abnamrocoesd/neo4j-data-migrations, 2019-04-25T11:33:02Z
Linusp/kg-example, 2019-04-27T12:15:24Z
IanHGray/graph_analysis, 2019-04-30T19:50:04Z
sanket-bengali/aws-backup-step-functions, 2019-06-03T10:24:46Z
bj-sodas/china-unicorn-index, 2019-05-02T14:56:52Z
harked/fullstack_js_roadmap, 2019-05-22T05:11:10Z
zaghaghi/neo4j-cve-scripts, 2019-05-06T19:47:41Z
softvis-research/jqa-jira-plugin, 2019-05-07T05:56:06Z
Mizzlr/pycypher, 2019-05-09T03:01:41Z
abhijithvijayan/onepass, 2019-06-06T14:50:32Z
solvioapp/amos-back, 2019-05-22T13:42:17Z
danigoland/SAS-IOC-Workshop-Starter, 2019-04-10T01:59:38Z
acdh-oeaw/acdh-apis-neo4j, 2019-06-30T13:33:13Z
Dimanaux/java-spring-boot-neo4j-emailer, 2019-04-17T17:04:35Z
BhekimpiloNdhlela/TwitterLite, 2019-04-17T22:02:33Z
ngquangan/didauday.me-graphql, 2019-05-11T05:54:03Z
neo-technology/neo4j-pks, 2019-04-24T17:22:03Z
TIAGOOOLIVEIRA/ECG-Heart-Disease-Detection-Using-RandomForest-and-Multi-Layer-Perceptron, 2019-06-23T18:29:04Z
2nolife/interactive-cv, 2019-06-01T15:32:01Z
ikwattro/graphaware-writer-example, 2019-04-27T09:16:06Z
graphaware/monitoring-neo4j-prometheus-grafana, 2019-06-14T16:54:04Z
ChenCyl/movie-kg-backend, 2019-06-19T04:39:59Z
FR98/movies-recommendation, 2019-04-17T19:19:55Z
calinconstantinov/GGCD, 2019-04-13T13:04:10Z
denishuaman/spring-boot-neo4j-examples, 2019-04-08T01:32:25Z
B16CS006/Neo4j-Graph-Database, 2019-06-25T06:28:28Z
andrewd92/task-tree, 2019-04-13T20:57:42Z
denishuaman/crud-java-neo4j, 2019-05-25T17:39:15Z
vijayst/neo-gq, 2019-06-01T13:47:53Z
vijaykrishnavanshi/family-search, 2019-04-13T23:40:44Z
AmosKorir/urbansalonApp, 2019-05-26T06:38:03Z
oykus112/Neo4j, 2019-06-06T06:05:11Z
oiraqi/xcommerce-microservices, 2019-04-29T00:45:19Z
george-j-zhu/wordnet-graph-neo4j, 2019-06-01T00:38:23Z
simon987/music-graph-api, 2019-04-07T17:49:39Z
AmosKorir/urbansalonapi, 2019-05-29T11:24:51Z
452701513/neo4j-demo, 2019-05-28T03:36:24Z
CBIIT/bridg2neo, 2019-06-27T03:51:22Z
marcomicera/rns, 2019-04-25T09:28:59Z
OpaliaSystems/opalia-service-neo4j, 2019-04-27T22:44:26Z
neo4j-devtools/graphiql-ga, 2019-05-21T12:42:54Z
aitsim/django-neo4j-core, 2019-04-17T11:11:12Z
softvis-research/jqassistant-plugins, 2019-06-27T11:58:32Z
FR98/uvg-ejercicio-neo4j, 2019-05-15T22:13:16Z
landschootl/fast-server, 2019-04-04T12:35:53Z
conker84/kafka-rome-june-2k19, 2019-06-12T16:08:05Z
sanman-shelar/graphdb-demo, 2019-06-16T15:57:56Z
rodolfomedeiros/bd-scripts, 2019-05-05T21:22:12Z
theovier/UPB-FMDE-Sagittarius, 2019-05-30T16:07:15Z
gbrlcustodio/react-relay-neo4j-boilerplate, 2019-04-05T03:03:15Z
fkammler/Neo4j-ServiceAPI, 2019-06-06T21:13:42Z
kul-amr/london_underground, 2019-07-01T22:03:25Z
wagnerjt/kafka-neo4j, 2019-05-09T00:39:20Z
YoussefEssDS/NoSQL-Data-Bases, 2019-04-26T00:28:43Z
topicquests/tqks-webpage-scraper, 2019-04-03T02:18:17Z
aginnimb/Knowledgebase, 2019-05-06T13:38:24Z
rams3sh/Aaia, 2019-07-28T05:45:20Z
tomasonjo/blogs, 2019-08-26T21:21:29Z
stellasia/neomap, 2019-09-15T09:48:34Z
gvolpe/musikell, 2019-07-20T15:43:45Z
kbastani/sentiment-analysis-twitter-microservices-example, 2019-09-19T15:33:41Z
themetalfleece/neogma, 2019-07-16T19:14:59Z
neo4j-php/Bolt, 2019-07-22T13:30:34Z
carlos9310/Spring-Boot-KBQA, 2019-08-19T13:22:51Z
mindstand/gogm, 2019-07-02T19:20:00Z
getsocial-rnd/neo4j-aws-causal-cluster, 2019-09-20T10:07:05Z
vedashree29296/PyEmbeo, 2019-09-21T16:48:32Z
codeuniversity/smag-mvp, 2019-09-23T08:33:48Z
boss-code/knowledge-graph, 2019-07-14T09:50:18Z
lucas91batista/twitter-hashtag-graph, 2019-09-23T22:23:46Z
hamishivi/Lec2Flash, 2019-08-10T01:14:27Z
euonymus/baryon, 2019-09-23T06:49:19Z
pauldorehill/FSharp.Data.Cypher, 2019-08-22T04:22:17Z
jgoerner/meetif.ai, 2019-09-21T07:39:01Z
graphaware/neo4j-full-text-search-extra, 2019-09-22T20:45:47Z
szenyo/neo4jscraperproc, 2019-09-25T14:01:50Z
borismilner/neogoodies, 2019-08-31T21:14:06Z
agatlin/vscode-cypher-query-language-tools, 2019-09-20T17:51:37Z
Kingjmk/Entrfy, 2019-08-14T13:51:52Z
gcushen/fortnite-fashionista, 2019-07-08T23:08:43Z
lostandfoundry/Lost-And-Found-Web-App, 2019-07-27T18:43:44Z
JDRomano2/comptox_ai, 2019-08-14T19:49:49Z
Keerthiraj-Nagaraj/BRIDGE, 2019-09-20T07:45:13Z
aboutbits/no-sql-workshop, 2019-09-29T14:37:18Z
pluralcom/docker-neo4j, 2019-08-22T02:52:10Z
Holybasil/Neo4jForceMap, 2019-09-16T06:38:27Z
miliar/tech-stack-demand, 2019-08-23T08:40:44Z
maxmilian/lawsHack, 2019-09-27T14:57:23Z
Websoft9/ansible-neo4j, 2019-08-19T08:05:35Z
graphaware/neo4j-jmeter-load-tests, 2019-09-27T13:11:59Z
pinglab-utils/neo4j-icd11-graph, 2019-09-12T18:16:51Z
pablo-diaz/dependencytracker, 2019-07-22T13:36:54Z
zhnlk/Graph_Algorithms_Neo4j_Chinese, 2019-09-06T02:58:25Z
RedactedProfile/docker-web-tools, 2019-09-25T04:01:54Z
Di3GO95/SentimentalTwitter, 2019-07-17T10:04:24Z
idealista/neo4j_role, 2019-09-18T08:29:49Z
chriniko13/movies-search-service, 2019-09-26T08:26:24Z
aitlp/neo4j-graph, 2019-09-20T02:46:49Z
martin-neotech/README, 2019-09-02T09:33:36Z
ebb-earl-co/libraries_io, 2019-09-03T17:07:39Z
amjha/knowledge-graph, 2019-10-01T03:52:57Z
artshumrc/jesuisparis, 2019-08-16T20:35:26Z
danielray54/MovieSocialRecApp, 2019-08-29T11:58:29Z
zynmr/fom_analysis_of_semi_and_unstructured_data, 2019-07-28T22:49:16Z
graphhack/baryon, 2019-09-05T01:24:25Z
hikime/website-activity-analysis, 2019-08-10T10:15:58Z
vascoalramos/cbd, 2019-09-26T11:48:03Z
EvilScott/neo4j-docker, 2019-08-19T03:02:27Z
pbl808HS/graphql-server-es6, 2019-08-12T17:15:43Z
maxiplux/neo4j-spring-boot, 2019-07-28T00:21:58Z
spotreport/graph-data-model, 2019-07-06T05:18:26Z
jufab/spring-graph-data, 2019-07-10T00:02:04Z
brindibeetle/imdb_neo4j, 2019-09-11T07:57:19Z
edunuzzi/gocy, 2019-07-09T00:32:04Z
EvilScott/neo4j-cluster-docker, 2019-08-30T20:13:09Z
DIS-SIN/CORTEX, 2019-07-24T20:06:56Z
TheDigitalNinja/GraphDB-Workshop1, 2019-08-12T22:27:09Z
kul-amr/london_underground, 2019-07-01T22:03:25Z
mpancia/san-francisco-ethics-d5, 2019-07-13T21:11:34Z
rgson/docker-neo4j-apoc, 2019-08-15T21:46:51Z
bsamm/neo-network-docs, 2019-08-27T04:19:36Z
TusharMalakar/Machine-learning-using-BigData, 2019-08-30T15:02:05Z
pinglab-intern/caseolap-pipeline, 2019-09-26T19:10:52Z
neo4j/graph-data-science, 2019-11-05T09:05:52Z
michoo/pci, 2019-10-29T16:07:20Z
liberation-data/drivine, 2019-10-17T14:22:08Z
saiwaiyanyu/knowledge-graph-nlp-in-action, 2019-11-04T08:07:14Z
hscspring/nlm, 2019-10-15T01:31:38Z
connect-foundation/2019-17, 2019-11-01T09:12:31Z
lucis-fluxum/bolt-rs, 2019-12-20T04:49:33Z
Kirtar22/ATTACK-Threat_Intel, 2019-11-14T05:15:42Z
redteam-project/sckg, 2019-12-01T19:05:54Z
liberation-data/drivine-inspiration, 2019-10-19T00:53:06Z
willhl/BuildingGraph-Client-Revit, 2019-10-29T01:31:28Z
qtc-de/container-arsenal, 2019-10-16T05:39:38Z
valb3r/time-tracker, 2019-12-23T10:11:47Z
manojlds/thepill, 2019-10-25T05:50:18Z
mzhangyb/Github-Network-Prediction, 2019-10-05T21:21:09Z
FaridYusifli/Multiple_Knowledge_GraphDB-MKGDB, 2019-11-22T20:53:17Z
vmapps/attack2neo, 2019-10-26T15:33:09Z
olir/gephi-neo4j-url-importer-plugin, 2019-11-23T12:16:36Z
mindstand/go-bolt, 2019-12-18T20:22:31Z
adam-cowley/neode-express, 2019-10-08T19:51:03Z
DLR-SC/gitlab2prov, 2019-10-14T12:50:04Z
ArkinDharawat/JournalTopicModel, 2019-10-12T03:46:13Z
SalahudinMalik/backup_docker_to_s3, 2019-12-14T08:37:20Z
surajsrivathsa/Supervised_Link_Prediction_Using_Spark_and_Neo4j, 2019-12-14T11:24:04Z
Keitokuch/yesql_app, 2019-10-28T01:17:50Z
sagittaros/neo4j-go-mapper, 2019-11-07T14:09:08Z
gleopoldo/ex-cypher, 2019-12-05T13:49:35Z
teomores/LOLSummonerBot, 2019-10-15T09:29:22Z
weknow-network/Weknow.Cypher.Builder, 2019-12-16T10:43:37Z
Kokopelli84/jazz-graph-neo4j, 2019-10-02T08:54:07Z
maximemoreillon/cms, 2019-12-18T04:20:26Z
prrao87/graphdb-case-studies, 2019-11-23T16:07:56Z
psiace-archive/neoask, 2019-12-25T03:48:22Z
Dance-Engineer/Neo4jTracy, 2019-12-06T20:06:39Z
piotrpersona/gg, 2019-11-22T22:27:29Z
DLR-SC/Gitlab2Graph, 2019-10-13T10:52:34Z
TIAGOOOLIVEIRA/Simple-Neo4j-APOC-Procedure-for-Creating-a-Custom-indexed-Sequence-Signal-Acyclic-Graph, 2019-11-19T22:45:48Z
mrkarezina/content-recommendation-api, 2019-12-26T02:29:04Z
maneetgoyal/pogo-a-virtual-guide, 2019-11-14T08:37:14Z
mrcs7/graph-service-api, 2019-10-21T15:17:30Z
Dukawp/BDnoSQL-2019, 2019-10-24T20:58:19Z
jpaucruz/springboot-springdata-neo4j, 2019-11-05T09:38:19Z
knowbi/knowbi-meta-to-neo4j, 2019-10-03T14:14:05Z
p-sodmann/Cyphology, 2019-11-10T09:55:40Z
joshuamoesa/cypher-serviceregistry, 2019-10-04T10:31:17Z
amjha/knowledge-graph, 2019-10-01T03:52:57Z
LucJoostenNL/Studdit, 2019-11-08T17:04:24Z
andyle13/CosmoGrapher, 2019-11-13T11:09:53Z
RachelPengmkt/Big-Data-Specialization-University-of-California-San-Diego, 2019-11-16T01:32:48Z
przbetkier/route-mesh, 2019-10-16T19:18:17Z
Kingjmk/recommender, 2019-12-06T12:11:32Z
benrussell80/rhyme_dict, 2019-10-27T04:20:41Z
shubham-v/system-design, 2019-12-07T18:14:06Z
karen1297/Neo4j, 2019-11-21T05:57:42Z
quyk/metro-sao-paulo, 2019-12-02T06:41:23Z
alexandermasud/NoSQL, 2019-11-04T17:41:27Z
voutilad/haproxy-and-neo4j, 2019-12-13T19:21:57Z
diegoritu/Java-BD-No-Relacionales, 2019-12-16T19:28:08Z
zanstaszek9/Graph-db-for-10-queries, 2019-12-15T20:45:33Z
AMS777/demo-neovisjs-reactjs, 2019-11-03T14:21:09Z
jessicalemos/Sakila-NoSQL, 2019-11-13T10:17:05Z
OhBonsai/graph-network, 2019-10-19T12:13:30Z
davide-coccomini/Publication-Tracker, 2019-12-20T16:56:54Z
flavienbwk/neo4j-docker, 2019-12-04T09:41:26Z
sim51/neo4j-supervisor, 2019-11-13T14:03:12Z
GillisWerrebrouck/UGent_Railway-System-Architecture, 2019-10-23T19:27:24Z
neo4j-devtools/teapot, 2019-11-08T11:43:27Z
harisaisundhar/Football-transfers-2k19, 2019-10-29T13:18:00Z
bmscomp/connect-init, 2019-12-15T14:07:24Z
dentinger/neo4j-stored-procedure-examples, 2019-10-29T18:45:49Z
wikitops/ansible_neo4j, 2019-11-11T13:49:09Z
anuprulez/galaxy_neo_tools_graph, 2019-10-31T16:06:23Z
tacitphoenix/intro-cypher, 2019-10-27T21:45:34Z
anpaschool/bigdata, 2019-11-13T18:44:41Z
StefanKanan/Neo4j-and-SQL-Queries-Comparison, 2019-12-12T23:58:21Z
tacitphoenix/friends-of-friends, 2019-11-04T15:53:28Z
ebb-earl-co/libraries_io_CRAN, 2019-10-09T22:08:41Z
sharma-n/Wikipedia_InterLangauge, 2019-10-06T07:00:57Z
odedshimon/BruteShark, 2020-02-16T20:58:59Z
covid-19-net/covid-19-community, 2020-03-22T02:24:51Z
xyjigsaw/Knowledge-Graph-And-Visualization-Demo, 2020-03-03T07:50:58Z
thepeergroup/aspen, 2020-03-02T23:39:07Z
michael-simons/neo4j-migrations, 2020-01-08T21:33:52Z
cotect/cotect, 2020-03-12T10:40:30Z
Kineviz/graphs4good-covid19, 2020-03-17T19:21:22Z
Tianweidadada/MedicalKGQA, 2020-02-25T06:19:01Z
Fraunhofer-AISEC/cpg-vis-neo4j, 2020-03-02T15:40:40Z
amazon-archives/fully-automated-neo4j-to-neptune, 2020-02-06T20:15:17Z
adam-cowley/real-time-ui-vuejs-neo4j-kafka, 2020-01-08T17:34:11Z
Ian-Carneiro/OGD_Search_Engine, 2020-01-21T18:14:24Z
codingfinest/neo4j-go-ogm, 2020-02-09T02:16:23Z
softmarshmallow/inked-server, 2020-03-18T05:49:12Z
blockchain-etl/ethereum-etl-neo4j, 2020-03-23T10:43:38Z
surjak/Bazy_Danych_2, 2020-03-27T15:24:14Z
Proteusiq/graphs, 2020-03-21T14:07:49Z
reactiverse/neo4j-client, 2020-03-19T15:26:35Z
adam-cowley/skyshard, 2020-01-09T17:18:23Z
DavidBakerEffendi/neo4j-yelp, 2020-03-04T10:41:32Z
remast/jqa-dmn-plugin, 2020-02-22T15:46:52Z
ContactTracing-app/Graphql-api, 2020-03-23T15:53:30Z
jgoerner/metabolic-query-generator, 2020-03-13T13:17:54Z
vutran1710/GraphRek, 2020-03-21T07:32:05Z
neo4j-graph-examples/recommendations, 2020-01-31T15:34:04Z
valb3r/springbatch-neo4j-adapter, 2020-02-02T11:51:46Z
senolatac/spring-boot-neo4j, 2020-02-29T16:40:11Z
oceanicsdotio/bathysphere, 2020-03-08T20:08:44Z
unumam/PyStorage, 2020-01-27T15:36:59Z
neo4j-graph-examples/pole, 2020-03-02T15:50:19Z
Jaimedfc/TFM_KnowledgeGraphs, 2020-02-08T18:26:32Z
shao-shuai/birdview-patent-landscape, 2020-01-27T20:22:09Z
FSA-Wine/bottld, 2020-01-29T16:47:51Z
laurentS/neomodel-stubs, 2020-03-12T11:21:53Z
stellasia/neoplus, 2020-01-30T19:28:09Z
mindstand/gogm-example, 2020-01-08T19:18:33Z
jgoerner/t-47, 2020-01-19T11:01:18Z
remast/jqa-go-plugin, 2020-02-15T21:39:33Z
osho-agyeya/Deep-Learning-on-Graph-Database, 2020-01-12T21:23:57Z
g14a/uuid-fy, 2020-02-27T05:10:01Z
Pandemic-Resource-Team/PandemicRTData, 2020-03-26T16:56:06Z
willhl/BuildingGraph-Integration-RhinoGrasshopper, 2020-02-19T14:56:43Z
cotaoctavian/wavy, 2020-02-25T23:35:14Z
JoseFilipeFerreira/KitchenApp, 2020-02-05T09:05:12Z
Debzou/DataScienceNeo4JMarvel, 2020-03-29T13:52:13Z
neo4j-graph-examples/network-management, 2020-01-31T12:17:23Z
gerasimovv88/spring-neo4j, 2020-01-09T09:51:56Z
voutilad/paysim-demo, 2020-01-24T21:03:17Z
url-clusterer/LinkGraphExtractor, 2020-03-03T08:29:43Z
deanwetherby/Flask-Neo4j-Driver, 2020-02-16T20:50:22Z
apndx/ScentGraph, 2020-01-15T13:39:59Z
FisnikL/WebProgramming_Project, 2020-03-06T14:02:25Z
badetitou/Moose2GraphJson, 2020-02-05T16:26:45Z
NowakArtur97/Global-Terrorism-API, 2020-03-21T10:41:51Z
lawrencerowland/Data-models-for-portfolios, 2020-02-27T13:08:09Z
jimmycrequer/atelier-graph, 2020-01-30T12:46:49Z
susanalima/FEUP-TBDA, 2020-03-21T11:44:28Z
Roman-kazi/cypher_internal, 2020-01-31T12:46:26Z
rrieunier/PFE-Drug-Repositioning, 2020-02-14T09:41:33Z
HaoLiangPao/-Six-Degrees-of-Kevin-Bacon-, 2020-02-07T20:37:20Z
baptistegh/deploy-neo4j-cluster, 2020-02-15T14:08:04Z
csharpie/Neo4j-001-GettingStarted, 2020-03-28T20:02:42Z
ojhaarjun1/Linux-Manpages-to-Knowledge-Graph, 2020-01-07T16:03:00Z
slowwavesleep/GraphsAndTropesExperiments, 2020-03-09T10:49:48Z
yogain123/Trivial-Mix, 2020-02-12T12:34:27Z
JoseFilipeFerreira/FNAC, 2020-02-05T09:13:42Z
mhilker/commander-neo4j, 2020-02-04T06:57:29Z
codingfinest/neo4j-go-ogm-university, 2020-02-09T02:48:29Z
gitificial/Neo4j-Python-Scripts, 2020-02-17T17:27:35Z
MHuiG/NoSQL, 2020-02-09T02:33:16Z
neo4j-graph-examples/blank-sandbox, 2020-01-31T17:28:06Z
Milihhard/neo4j-func, 2020-04-01T05:51:14Z
dhruvkayastha/neo4j-flask, 2020-03-20T11:27:34Z
gbauso/ChooseYourOwnAdventure, 2020-01-22T01:26:51Z
Data-Monkey/Gedcom2Graph, 2020-03-13T10:31:43Z
HuIsJason/spotify-lite, 2020-03-18T22:52:39Z
neo4j-graph-examples/trumpworld, 2020-03-26T11:37:20Z
srn221B/Show_relationships, 2020-02-23T08:42:28Z
jgoerner/t-47-procedures, 2020-01-19T12:38:01Z
tope96/Non-relational-databases, 2020-03-09T16:19:19Z
nsylv/spring-boot-neo4j, 2020-02-16T16:19:30Z
MuddyBootsCode/CLDR-GraphsForGood, 2020-03-29T14:16:36Z
gegedenice/sudocps-pro-app, 2020-02-11T08:49:35Z
augustoscher/nosql-databases, 2020-02-29T11:15:09Z
codingfinest/neo4j-go-ogm-playground, 2020-03-02T05:54:49Z
marenpg/jupyter_basal_ganglia, 2020-01-16T14:38:29Z
iftahro/Neo4NBA, 2020-02-11T18:43:14Z
tjbrockmeyer/cypher, 2020-03-30T07:54:50Z
neo4j-graph-examples/legis-graph, 2020-03-12T14:46:20Z
CitruXonve/Building-Knowledge-Graphs, 2020-02-06T17:35:28Z
AlejandroGonzalR/OntologyClassGenerator, 2020-03-09T01:39:43Z
johnhshapiro/DatabaseProjects, 2020-01-28T13:30:54Z
imdelgado/shipped-package-tracker, 2020-01-09T00:22:56Z
majensen/joss-graph, 2020-01-05T01:49:55Z
barnardos-au/Barnardos.ServiceStack.Authentication.Neo4j, 2020-01-27T02:56:47Z
barnardos-au/Barnardos.ServiceStack.Caching.Neo4j, 2020-01-25T05:16:11Z
hubertsuprunowicz/eat-me, 2020-02-16T12:32:47Z
PlumHound/PlumHound, 2020-05-01T06:53:26Z
aspecto-io/opentelemetry-ext-js, 2020-06-09T13:49:20Z
neo4j-contrib/neo4j-helm, 2020-05-08T14:06:47Z
lennertVanSever/graphcountries, 2020-04-17T15:12:59Z
adam-cowley/twitch-project, 2020-06-30T11:32:30Z
msramalho/desarquivo, 2020-04-07T18:30:53Z
Optum/CyFHIR, 2020-04-21T20:51:31Z
stellasia/pygds, 2020-04-21T20:36:21Z
OKTAYKIR/NeoClient, 2020-04-17T11:02:45Z
gram-data/gram-js, 2020-05-06T09:49:59Z
NeonLaw/codebase, 2020-05-05T03:07:25Z
robinskil/Neo4jObjectMapper, 2020-05-24T12:57:52Z
codingmiao/neo4j-rtree, 2020-05-28T13:55:02Z
norbjd/gcp-resources-neo4j, 2020-04-27T13:19:23Z
sfdreverman/infonotion, 2020-05-25T17:56:29Z
charlysan/goneo4jgql, 2020-04-16T06:33:12Z
imlegend19/GRAS, 2020-04-25T16:25:58Z
OKTAYKIR/NeoClientDemo, 2020-05-06T09:38:09Z
neo4j-graph-examples/movies, 2020-04-16T15:21:07Z
mdeket/cheap-flights, 2020-04-13T18:13:33Z
jhb/paragraph, 2020-04-24T09:01:04Z
amazon-archives/cdc-neo4j-msk-neptune, 2020-05-02T17:42:05Z
aravind-karthikeyan/Generic-Ecommerce-site, 2020-04-25T16:21:18Z
KylinC/ChinaVis-Challenge-2020, 2020-05-16T07:50:26Z
vihangpatil/neo4j-store, 2020-04-14T10:03:14Z
ongdb-contrib/ongdb-lab-http, 2020-04-28T03:34:30Z
mikerourke/grand-stack-demo, 2020-05-06T17:27:19Z
pluralcom/neo4j-backup, 2020-04-23T19:37:33Z
dlqs/graph-join-order-benchmark, 2020-04-17T06:41:54Z
IamFlowZ/neo4j-tutorial, 2020-04-21T22:02:54Z
abk7777/neo4j-titanic, 2020-05-09T15:49:08Z
Framstag/urlstr, 2020-06-28T10:16:54Z
GISDev01/ssid-probe-graph-analytics, 2020-05-17T23:16:02Z
mumez/SCypher, 2020-05-21T13:16:43Z
AnastasiaChernikova/Non-Relational-Database, 2020-04-12T20:45:07Z
on-aws/neo4j, 2020-05-09T23:20:39Z
Lupanoide/graph_disambiguator, 2020-04-25T22:53:51Z
RunedUniverse/rogm, 2020-05-03T17:32:07Z
Jansora/movie, 2020-04-29T01:55:46Z
neo4j-graph-examples/twitter-trolls, 2020-04-09T14:48:52Z
IamFlowZ/grand-stack-starter-lite, 2020-04-21T18:32:52Z
CarlosSanabriaM/neo4j-videogames, 2020-04-08T14:11:32Z
TejSankhe/NYC-citi-bike-data-analysis, 2020-04-21T00:37:09Z
neo4j-graph-examples/northwind, 2020-04-29T09:31:00Z
IamFlowZ/neo4j-notes, 2020-04-10T15:11:54Z
nryanov/neo4s, 2020-04-29T21:44:59Z
raphox/angorah, 2020-06-06T05:36:16Z
dynastymasra/goframe, 2020-06-15T07:11:32Z
xclemence/dependencies-graph-graphql, 2020-05-19T23:55:11Z
Linkurious/dataset-aml, 2020-04-20T12:37:51Z
xclemence/dependencies-graph-services, 2020-04-24T20:39:52Z
JoshuaAmaju/mercury-db, 2020-06-20T21:40:47Z
aleksanderlech/neo4j-apoc, 2020-05-27T05:25:15Z
GandalFran/department-colaboration-scholarship, 2020-06-22T13:45:49Z
JavieW/CSCC01_Song-Profile, 2020-04-04T01:26:40Z
neo4j-graph-examples/graph-data-science, 2020-04-09T16:06:34Z
arpendu11/grand-data-lake-frontend, 2020-06-28T03:40:28Z
KaranrajMokan/Bon-Appetit, 2020-04-15T13:21:48Z
Harshpatel44/Marine-animals-vizualization, 2020-05-07T21:36:20Z
neo4j-graph-examples/icij-paradise-papers, 2020-04-09T14:30:11Z
neo4j-graph-examples/icij-panama-papers, 2020-04-09T11:10:33Z
smahjoub/links-crawler-to-neo4j, 2020-06-13T11:38:12Z
ongdb-contrib/ongdb-lab-etl, 2020-04-28T03:33:56Z
cskardon/DriverWithLogger, 2020-04-28T15:36:59Z
AlejandroGonzalR/graphql-neo4j-data-visualization, 2020-04-10T16:30:07Z
Rasinj/neomodel_bfo, 2020-06-06T13:41:37Z
sbl-sdsc/neo4j-ipycytoscape, 2020-04-20T00:24:12Z
jnitin/flask-graphql-neo4j, 2020-04-22T04:52:47Z
alexpereira/blocks, 2020-04-25T05:19:05Z
Kishansinh94/AdvanceDatabaseProject, 2020-06-03T23:19:14Z
Milihhard/neo4j-func, 2020-04-01T05:51:14Z
emanuele-falzone/morpheus-neo4j-example, 2020-04-09T17:27:10Z
vedashree29296/neo4j-go-lambda-connector, 2020-06-08T07:35:18Z
maximemoreillon/group_manager, 2020-04-07T02:43:53Z
voutilad/groom, 2020-04-05T21:08:25Z
salemalex11/song-micro, 2020-06-06T22:37:23Z
wowselim/vertx-vue, 2020-06-19T20:16:30Z
neo4j-graph-examples/bloom, 2020-04-09T09:17:59Z
neo4j-graph-examples/wwc2019, 2020-04-09T15:11:34Z
marcusze/covid-tracking, 2020-04-17T10:14:56Z
dynastymasra/cartographer, 2020-05-12T09:38:52Z
sharmakamal1201/FarmingAdvisoryPortal, 2020-04-10T18:58:53Z
ongdb-contrib/ongdb-lab-visual, 2020-04-28T03:36:11Z
iampukar/graph-database, 2020-04-03T00:46:14Z
Lucs1590/translate-neo4j, 2020-06-10T17:50:50Z
tobiaskortus/covid19-search, 2020-05-01T14:19:02Z
BalahariVignesh/CoronaDashBoardV2, 2020-06-14T14:43:38Z
ssobue/neo4j-domain-name-system, 2020-06-10T13:27:42Z
niclemon/neo4j-genealogical-importer, 2020-06-12T00:54:47Z
ongdb-contrib/ongdb-lab-algo, 2020-04-28T03:35:20Z
kkulewski/soa, 2020-05-27T21:22:05Z
FedeCappe95/Task3, 2020-05-01T13:38:59Z
mateuszwlosek/neo4j-example, 2020-06-19T18:51:01Z
mozzecart/module-member-golang, 2020-05-22T10:34:25Z
MicrexIT/event-driven-data-collection, 2020-06-10T10:58:48Z
ongdb-contrib/ongdb-lab-rest-api, 2020-04-28T03:34:57Z
ssobue/neo4j-demo, 2020-05-03T05:40:02Z
ravening/SpringBoot, 2020-04-09T15:37:42Z
SimoneRichetti/big-data-analytics, 2020-06-25T07:46:06Z
mt592/nosql-databases, 2020-06-20T19:54:52Z
nickomart/graph-sentiment-ui, 2020-05-19T04:58:17Z
hashimati/Micronaut-Neo4J-Example, 2020-04-08T08:00:14Z
aleksanderlech/ansible-neo4j, 2020-04-25T09:42:13Z
Aayushjn/Sql2Neo, 2020-05-24T09:22:22Z
nickomart/graph-sentiment-svc, 2020-04-21T03:44:28Z
sebfz1/docker-neo4j-ubi7, 2020-06-27T10:59:40Z
amanvishnani/Neo4j-Marine-Life-Data, 2020-05-06T12:13:13Z
oslabs-beta/Horus, 2020-07-13T23:14:50Z
jexp/fincen, 2020-09-20T19:20:36Z
thestyleofme/data-lineage-parent, 2020-09-08T11:53:59Z
bbenzikry/metabase-neo4j-driver, 2020-07-23T12:49:13Z
sephib/dagster-graph-project, 2020-07-06T09:10:06Z
Usama0121/neo4j-graphql-py, 2020-07-30T14:23:49Z
jiangnanboy/movie_kg, 2020-08-12T15:05:14Z
ShawnHXH/QA-CivilAviationKG, 2020-07-12T04:10:45Z
luxuantao/AV_actress_knowledge_graph, 2020-08-24T09:04:37Z
plume-oss/plume, 2020-08-07T10:40:18Z
luxuantao/car_knowledge_graph, 2020-08-24T02:27:27Z
neo4j/graphql, 2020-08-05T10:11:01Z
dkazenoff/neo4j-express-boilerplate, 2020-07-08T06:31:44Z
filippofoladore/NeoTool, 2020-07-17T11:05:20Z
danstarns/neogoose, 2020-08-18T11:55:53Z
bburns/Neomem, 2020-09-05T09:53:53Z
danielmuthama/Neo4j-graph-visualization-using-Neovis.js, 2020-09-08T21:24:07Z
ChrisCN97/CN-DBpedia-To-Neo4j, 2020-07-12T07:37:48Z
danielmuthama/Neo4j-graphical-visualization-of-relatable-data, 2020-09-04T19:51:47Z
danielmuthama/Knowledge-graph-visualization-in-neo4j, 2020-09-08T15:03:24Z
snurby7/mammoth-nx, 2020-07-24T01:43:21Z
cryptokasten/python-py2neo-usage, 2020-09-13T19:28:13Z
cryptokasten/python-neomodel-usage, 2020-09-13T20:05:53Z
sgelias/tax2graph, 2020-07-08T19:52:44Z
plume-oss/plume-examples, 2020-09-03T11:33:16Z
gaoyuanliang/covid19_knowledge_graph, 2020-08-19T07:16:08Z
cldixon/neonpandas, 2020-07-02T21:54:17Z
SpikeLavender/distributed-storage-system, 2020-08-14T00:54:47Z
kimcuong060498/neo4j, 2020-09-17T15:23:38Z
abk7777/bioNX, 2020-08-06T21:48:46Z
Ziyad-Benomar/Chess-data-analysis, 2020-10-01T08:19:23Z
tongji-cdi/temi-woz-frontend, 2020-09-13T00:38:29Z
bbelojevic/pac-bb, 2020-07-02T09:44:18Z
UVG-Teams/movies-graph, 2020-09-16T04:09:15Z
ndelah/Analysis-of-Large-Scale-Social-Networks-Graph-Database, 2020-08-26T15:06:43Z
Fodark/erdos-graphwalker, 2020-08-24T09:14:47Z
kuhumcst/DanNet, 2020-09-16T15:01:46Z
OpenVideoApp/server, 2020-07-09T07:41:23Z
utnaf/neo4j-connector-apache-spark-notebooks, 2020-08-31T12:27:07Z
dmitryro/neo4j-initial, 2020-07-16T17:44:49Z
cive/go-neo4j-visjsnetwork, 2020-09-05T09:30:19Z
anil-kodela/Hybrid-Movie-Recommendation-System, 2020-09-28T06:25:42Z
inugamiio/inugami-project-analysis-maven-plugin-parent, 2020-09-21T18:37:45Z
MuddyBootsCode/neo4j-drag-drop, 2020-08-18T13:53:24Z
cybersam/require-cypher, 2020-07-31T02:01:08Z
USAvian/esiplab2020-neo4j, 2020-09-21T16:16:36Z
Linkurious/docker-neo4j, 2020-09-14T14:04:44Z
fbraza/Neo4j_project, 2020-07-04T19:13:01Z
jmcker/monica2neo4j, 2020-09-13T22:15:49Z
Makunda/Friendly-Neo4j-Exporter, 2020-09-09T13:35:28Z
phhu/es-to-neo4j, 2020-09-29T23:34:39Z
imgios/RaM-wiki, 2020-08-24T13:09:30Z
renatospaka/Neoflix, 2020-08-18T21:51:35Z
X-czh/Dota2-ProBattle, 2020-09-29T04:33:57Z
NoraNafari/Neo4j-Kafka-Spark, 2020-07-14T05:00:07Z
kthy/donner-party, 2020-07-30T11:55:47Z
Prajakta-Chavan-Git/CarSharing, 2020-07-09T14:18:06Z
IamMHC/NestJS-with-Neo4J, 2020-07-26T06:27:45Z
PeiqingMa/family-tree, 2020-08-21T14:12:28Z
ianadiwibowo/meowcestry, 2020-08-28T16:24:57Z
mbaumanndev/iut-2a-bdda, 2020-08-10T19:06:05Z
ReCheck-io/UOI_Project, 2020-09-23T06:23:58Z
joannaksk/ServiceMonitor, 2020-07-05T19:06:04Z
jorgeAML/OPSDatabaseGV, 2020-07-21T16:42:24Z
aholinch/nograph-connectors, 2020-08-18T15:27:18Z
vishalkalola1/MovieBackend, 2020-08-30T08:16:06Z
rojinnew/alpha_yelper, 2020-08-20T21:35:13Z
yogeshwaran-shanmuganathan/Predictive-Movie-Analysis, 2020-09-05T11:03:56Z
renatospaka/my-grand-stack, 2020-09-05T02:57:25Z
politylink/politylink-backend, 2020-07-15T16:20:49Z
neo4j-graph-examples/contact-tracing, 2020-07-07T09:10:39Z
cryptokasten/python-neo4j-usage, 2020-09-13T17:29:49Z
shlomishasho/Dockerfiles, 2020-09-27T07:19:29Z
renatospaka/central-perk, 2020-09-19T23:55:25Z
adrianmarino/recommendations-toy-example, 2020-07-06T00:36:27Z
Raphaaal/RapSysRec, 2020-09-26T09:37:07Z
gpazevedo/reviews, 2020-09-08T03:37:51Z
headsrooms/py2gds, 2020-07-21T21:27:29Z
llame/flask_dbscan, 2020-08-27T07:12:52Z
ht3886/GraphDB-Python, 2020-09-03T22:58:52Z
cryptokasten/neo4j-in-docker, 2020-09-13T15:51:47Z
naga-anjaneyulu/hetergoneous-graph-indexing, 2020-08-11T19:13:25Z
7ameed/neo4j_demo, 2020-09-01T06:55:24Z
softvis-research/SSP2020, 2020-08-14T11:45:34Z
leonaxiongxin/kg-be, 2020-09-29T08:08:03Z
RafalJuraszek/Movie-Database, 2020-07-12T23:44:34Z
oliverbauer/examples, 2020-08-18T12:27:02Z
zifeiYv/fuse-nodes2, 2020-07-10T03:30:47Z
Kanakjr/GraphIAM, 2020-09-14T13:46:01Z
amanboss9/meal-recommendor, 2020-07-19T19:31:29Z
BioDWH2/BioDWH2-Neo4j-Server, 2020-09-30T08:59:20Z
bortoletti-giorgia/MeSH-data-in-Neo4j, 2020-08-04T15:33:43Z
vincenzopronesti/BigData, 2020-09-23T06:43:43Z
mammoth-apps/budget-api, 2020-10-01T17:20:31Z
skwiatkowska/thesis-app, 2020-09-01T19:25:58Z
mustafahakkoz/Preprocessing_w_SPARK, 2020-07-19T13:33:04Z
sarrisv/Neo4j-Notes, 2020-07-12T20:38:23Z
r3ello/Neo4jExample, 2020-07-05T20:50:17Z
umitkaanusta/reddit-detective, 2020-10-20T15:10:49Z
DerwenAI/kglab, 2020-10-25T23:34:03Z
simongray/clojure-graph-resources, 2020-10-25T14:40:02Z
HEmile/obsidian-neo4j-graph-view, 2020-12-05T16:42:21Z
yehohanan7/neo4rs, 2020-10-22T15:36:15Z
neo4j-php/neo4j-php-client, 2020-12-10T09:44:01Z
BBVA/sqerzo, 2020-12-11T13:35:37Z
johnymontana/grandcast.fm, 2020-12-03T23:24:06Z
jiangnanboy/movie_knowledge_graph_app, 2020-12-25T07:17:47Z
adam-cowley/graphapp-starter-react, 2020-10-04T17:48:38Z
michael-simons/neo4j-from-the-jvm-ecosystem, 2020-11-05T17:20:40Z
michael-simons/neo4j-java-driver-native-lib, 2020-10-15T09:31:22Z
grand-stack/fullstack-graphql-workshop, 2020-10-14T21:53:23Z
egemenzeytinci/neo4j-example, 2020-11-09T22:13:47Z
KohinaTheCat/Spotify-API-Clone, 2020-12-25T06:01:35Z
adam-cowley/nestjs-neo4j-starter, 2020-10-21T13:57:03Z
SoheilKhodayari/JAW, 2020-12-11T11:48:16Z
danstarns/neo-push, 2020-12-18T19:51:29Z
elswob/neo4j-build-pipeline, 2020-10-13T09:19:46Z
island99/Visual-Knowledge-Graph-System, 2020-10-23T14:39:39Z
nabilm/aneo4j, 2020-11-13T14:57:25Z
navn-r/spotify-api-clone, 2020-12-09T16:12:29Z
neo4j-labs/charts, 2020-10-05T12:56:32Z
Fatead/AdvancedDatabaseProject, 2020-11-02T01:58:35Z
Systems-Development-and-Frameworks/bug-free-disco, 2020-10-07T14:01:12Z
Rubix982/Terrabuzz, 2020-10-10T14:38:31Z
ahmed91abbas/wiki-relations, 2020-10-16T18:39:36Z
nmervaillie/aoc2020-neo4j, 2020-12-08T14:42:20Z
Ziyad-Benomar/Chess-data-analysis, 2020-10-01T08:19:23Z
stefanak-michal/neophapi, 2020-12-08T19:28:50Z
gaoyuanliang/jessica_knowledge_extraction, 2020-11-28T13:04:48Z
knowbi/knowbi-hop-meta-to-neo4, 2020-11-29T08:00:06Z
stevenliatti/hollywood-network-visualizer, 2020-11-21T16:20:32Z
dexios1/fastapi-boilerplate, 2020-11-24T18:34:01Z
gaoyuanliang/jessica_text_to_knowledge_graph_demo, 2020-10-31T19:02:21Z
kapilbhise/hospi-pharma, 2020-12-09T15:15:30Z
wrk226/TransE-Neo4j-Java, 2020-11-24T23:12:36Z
CSFelix/HOW-TO-DO-INSTAGRAM-PORTFOLIO, 2020-11-10T10:54:04Z
mumez/SCypherGraph, 2020-10-10T14:48:17Z
zachMcCain/theGamersShelf, 2020-12-19T18:50:40Z
jsinger0420/NodeEra, 2020-12-21T14:09:48Z
aplbrain/grand-cypher, 2020-11-13T00:39:26Z
AzizulHakim96/Social-Logbook, 2020-12-30T02:10:29Z
stevenliatti/tmdb-to-neo4j, 2020-11-21T15:43:07Z
KernelPanic92/MyFlight, 2020-11-15T00:30:55Z
flyxiang1206/NeoTest, 2020-10-04T13:50:03Z
greed2411/aldini_graph, 2020-10-20T11:37:10Z
guimaraaes/golang_fiber_with_neo4j, 2020-10-22T19:36:03Z
tommasosansone91/neo4j-flask-nicolewhite-py2neo-2020.1.1, 2020-12-25T18:22:12Z
angelinag/neo4j-car-dealership-db, 2020-12-24T07:50:08Z
AryPat/Spotify-API-Clone, 2021-01-01T00:03:44Z
neo4j-graph-examples/fincen, 2020-11-09T11:06:46Z
beiluve/neo4j-elasticsearch-plugin, 2020-10-11T16:18:59Z
knowbi/knowbi-hop-community-graph, 2020-11-26T21:15:11Z
EdAllonby/pretty-cypher, 2020-10-18T22:50:30Z
Silnari/follow-it, 2020-12-04T16:56:26Z
khalilchaouali/Data-Mining-Content-analysis-and-student-perfermonce-prediction-, 2020-10-15T18:03:22Z
SlitiBrahim/spring-tiny-library-api, 2020-10-19T07:52:04Z
fliper6/MIEI-Licenciatura, 2020-10-28T02:06:47Z
licyp/b2, 2020-11-10T07:56:48Z
venkaDaria/eventio, 2020-12-11T18:29:17Z
p17griv/neobook, 2020-12-09T17:02:59Z
nithinnathan/nba_matchup_simulator, 2020-12-23T05:17:17Z
LeonardoSaccotelli/Movielens, 2020-12-26T21:13:04Z
kacperkapusciak/recomvino-be, 2020-11-25T22:49:26Z
abpwrs/ece-5995-fa20, 2020-11-19T03:29:36Z
MichaelBurak/arms-trade-analysis, 2020-12-14T20:24:58Z
radwin01/SpotifyClone, 2020-12-30T00:19:57Z
salemalex11/bacon-law, 2020-12-10T19:51:29Z
mukul273/springframework.neo4j-graph, 2020-12-07T14:12:49Z
vieee/social_chat, 2020-10-12T23:35:11Z
randrin/spring-graph-neo4j, 2020-10-24T12:22:37Z
adam-cowley/graphapp-starter-vue, 2020-10-04T17:49:16Z
Eirsteir/kaffepause-api, 2020-11-02T21:39:54Z
akshatshah21/SCMO, 2020-10-29T11:40:47Z
akalmetar/Flight_Delay_Analysis, 2020-12-06T23:44:07Z
sgelias/lepiota, 2020-10-31T15:45:57Z
radwin01/SPORTCRED, 2020-12-30T00:08:26Z
A03ki/chatdb, 2020-10-21T00:44:04Z
sarabDevOps/Neo4j-Project, 2020-12-16T00:09:58Z
Chit-Chaat/Collegiate_Explorer_APP, 2020-10-03T23:55:25Z
TheWorstOne/CRUD4j, 2020-12-22T06:44:04Z
stevenliatti/hnv-backend, 2020-11-21T14:32:11Z
mammoth-apps/budget-api, 2020-10-01T17:20:31Z
gaoyuanliang/jessica_arabic_knowledge_graph, 2020-12-09T14:48:39Z
gzacharski/AGH-Bazy-danych, 2020-10-17T08:34:28Z
gy2006/neo4j-dotnet-ogm, 2021-02-20T17:12:22Z
nikolai4D/ContechOS, 2021-01-28T00:22:47Z
ChryssaNab/BDMS-AUEB, 2021-01-17T09:51:40Z
jiangnanboy/education_knowledge_graph_app, 2021-01-18T10:03:57Z
iblaine/amundsen-terraform, 2021-03-01T16:40:48Z
nghia71/pskgi_poc, 2021-01-19T15:15:17Z
egemenzeytinci/data-science-notes, 2021-01-04T20:14:54Z
munchy-bytes/SQLToNeo4j, 2021-01-03T00:52:33Z
armdev/matrix, 2021-01-09T18:56:44Z
kapilbhise/social-connect, 2021-01-04T15:26:42Z
Wavychat/neo4j_migrations, 2021-03-27T16:51:40Z
Guan-JW/Gov-network-mining, 2021-01-06T06:32:20Z
naskio/DAAR_4_BookFinder, 2021-01-31T09:08:43Z
batikanturkmen/link-crawler, 2021-01-31T08:16:40Z
danstarns/DGQL, 2021-03-05T16:34:30Z
eternidad33/docsearch, 2021-03-13T10:19:12Z
michaelmernin/microservices_ecosystem_details_service, 2021-02-03T19:25:31Z
QAInsights/neo4j-locust, 2021-03-14T18:41:58Z
ManiacMaxo/CyclePath, 2021-03-11T09:38:11Z
rochimfn/metadata-neo4j-etl, 2021-02-17T13:11:17Z
jojowither/Taiwan-Stock-Knowledge-Graph, 2021-01-28T07:56:43Z
J0rgeSerran0/Neo4j_PoC, 2021-03-19T16:10:59Z
BioDWH2/Neo4j-GraphML-Importer, 2021-01-27T10:12:30Z
schmitze87/AAroN, 2021-02-13T23:21:44Z
Thommy96/tcf-tales, 2021-01-17T11:00:51Z
steenhansen/sffaudio-search-docker-run, 2021-01-26T23:09:40Z
schnabel/cookiecutter-nlp, 2021-03-05T08:21:00Z
Bernardo-MG/no-sql-spring-example, 2021-01-03T19:23:49Z
rahenrique/artbook-neo4j, 2021-03-14T13:52:33Z
philip-mathew/International-Tourist-Database-India, 2021-01-24T22:03:03Z
AryPat/Spotify-API-Clone, 2021-01-01T00:03:44Z
EsratMaria/GraphAlgorithm-ML, 2021-01-04T08:14:35Z
aymericastellanet/Neo4j_Paris_metro, 2021-03-17T10:43:48Z
danstarns/graphql-arrows, 2021-01-05T17:45:52Z
dotStart/neo4j-kotlin-driver, 2021-02-11T14:23:15Z
janimalav/TwitterData_Semantic_Ananlysis, 2021-01-06T16:33:45Z
aymericastellanet/Neo4j_US_Flights, 2021-03-09T18:20:53Z
patrickwyler/jobfinder, 2021-02-02T15:25:24Z
neo4j-graph-examples/citations, 2021-02-23T14:07:00Z
fecitpotentiam/netflix_neo4j_recommendations, 2021-02-20T12:17:23Z
shawnngtq/flask-neo4j-api, 2021-03-03T10:55:14Z
tintinmar1995/neo4j-facts-graph, 2021-02-20T11:23:25Z
bmalbusca/neo4j-tutorial, 2021-01-30T17:14:17Z
yashmishra0207/tribes_ai_internship_2019_yashmishra1998, 2021-01-08T18:04:21Z
Akagitsunee/neo4j-community-export-tool, 2021-01-19T14:51:31Z
wiatrak2/pandas2neo4j, 2021-02-07T18:18:57Z
ReCheck-io/uoi-frontend, 2021-03-19T14:01:38Z
alexander-matsievsky/tv-recommendations, 2021-01-04T06:53:57Z
m-arezoumandan/Job-Advisor, 2021-01-29T18:12:26Z
sebenns/express-graphql-server, 2021-03-04T19:42:13Z
shawnngtq/neomodel-tutorial, 2021-03-01T09:58:22Z
danstarns/neo4j-graphql-ogm-rest, 2021-03-03T19:28:45Z
naderabdalghani/e7gzly-api, 2021-01-21T05:03:18Z
huynhduc0/kotlin-neo4j-ecommerce-api, 2021-03-25T07:29:18Z
